2026-03-19 12:28:17,966 [pyphi.conf] INFO MainProcess: PyPhi v1.2.0
2026-03-19 12:28:17,967 [pyphi.conf] INFO MainProcess: Loaded configuration from ['/home/juan-manoel/Documents/ucaldas/monitorias/analisis 2026-1/Proyecto-20261/GeoMIP/src/Method2_Dynamic_Programming_Reformulation/pyphi_config.yml']
2026-03-19 12:28:17,967 [pyphi.conf] INFO MainProcess: Current PyPhi configuration:
 { 'ASSUME_CUTS_CANNOT_CREATE_NEW_CONCEPTS': False,
  'CACHE_POTENTIAL_PURVIEWS': True,
  'CACHE_REPERTOIRES': True,
  'CACHE_SIAS': False,
  'CACHING_BACKEND': 'fs',
  'CLEAR_SUBSYSTEM_CACHES_AFTER_COMPUTING_SIA': False,
  'CUT_ONE_APPROXIMATION': False,
  'FS_CACHE_DIRECTORY': '__pyphi_cache__',
  'FS_CACHE_VERBOSITY': 0,
  'LOG_FILE': 'pyphi.log',
  'LOG_FILE_LEVEL': 'INFO',
  'LOG_STDOUT_LEVEL': 'WARNING',
  'MAXIMUM_CACHE_MEMORY_PERCENTAGE': 50,
  'MEASURE': 'EMD',
  'MONGODB_CONFIG': { 'collection_name': 'cache',
                      'database_name': 'pyphi',
                      'host': 'localhost',
                      'port': 27017},
  'NUMBER_OF_CORES': -1,
  'PARALLEL_COMPLEX_EVALUATION': False,
  'PARALLEL_CONCEPT_EVALUATION': False,
  'PARALLEL_CUT_EVALUATION': True,
  'PARTITION_TYPE': 'BI',
  'PICK_SMALLEST_PURVIEW': False,
  'PRECISION': 6,
  'PRINT_FRACTIONS': True,
  'PROGRESS_BARS': True,
  'REDIS_CACHE': False,
  'REDIS_CONFIG': {'db': 0, 'host': 'localhost', 'port': 6379, 'test_db': 1},
  'REPR_VERBOSITY': 2,
  'SINGLE_MICRO_NODES_WITH_SELFLOOPS_HAVE_PHI': False,
  'SYSTEM_CUTS': '3.0_STYLE',
  'USE_SMALL_PHI_DIFFERENCE_FOR_CES_DISTANCE': False,
  'VALIDATE_CONDITIONAL_INDEPENDENCE': True,
  'VALIDATE_SUBSYSTEM_STATES': True,
  'WELCOME_OFF': True}
2026-06-09 14:59:25,629 [pyphi.conf] INFO MainProcess: PyPhi v1.2.0
2026-06-09 14:59:25,630 [pyphi.conf] INFO MainProcess: Loaded configuration from ['/home/sophia_cardona/proyectos/projecto-analisis-20261/GeoMIP/src/Method2_Dynamic_Programming_Reformulation/pyphi_config.yml']
2026-06-09 14:59:25,630 [pyphi.conf] INFO MainProcess: Current PyPhi configuration:
 { 'ASSUME_CUTS_CANNOT_CREATE_NEW_CONCEPTS': False,
  'CACHE_POTENTIAL_PURVIEWS': True,
  'CACHE_REPERTOIRES': True,
  'CACHE_SIAS': False,
  'CACHING_BACKEND': 'fs',
  'CLEAR_SUBSYSTEM_CACHES_AFTER_COMPUTING_SIA': False,
  'CUT_ONE_APPROXIMATION': False,
  'FS_CACHE_DIRECTORY': '__pyphi_cache__',
  'FS_CACHE_VERBOSITY': 0,
  'LOG_FILE': 'pyphi.log',
  'LOG_FILE_LEVEL': 'INFO',
  'LOG_STDOUT_LEVEL': 'WARNING',
  'MAXIMUM_CACHE_MEMORY_PERCENTAGE': 50,
  'MEASURE': 'EMD',
  'MONGODB_CONFIG': { 'collection_name': 'cache',
                      'database_name': 'pyphi',
                      'host': 'localhost',
                      'port': 27017},
  'NUMBER_OF_CORES': -1,
  'PARALLEL_COMPLEX_EVALUATION': False,
  'PARALLEL_CONCEPT_EVALUATION': False,
  'PARALLEL_CUT_EVALUATION': True,
  'PARTITION_TYPE': 'BI',
  'PICK_SMALLEST_PURVIEW': False,
  'PRECISION': 6,
  'PRINT_FRACTIONS': True,
  'PROGRESS_BARS': True,
  'REDIS_CACHE': False,
  'REDIS_CONFIG': {'db': 0, 'host': 'localhost', 'port': 6379, 'test_db': 1},
  'REPR_VERBOSITY': 2,
  'SINGLE_MICRO_NODES_WITH_SELFLOOPS_HAVE_PHI': False,
  'SYSTEM_CUTS': '3.0_STYLE',
  'USE_SMALL_PHI_DIFFERENCE_FOR_CES_DISTANCE': False,
  'VALIDATE_CONDITIONAL_INDEPENDENCE': True,
  'VALIDATE_SUBSYSTEM_STATES': True,
  'WELCOME_OFF': True}
2026-06-10 16:24:22,781 [pyphi.conf] INFO MainProcess: PyPhi v1.2.0
2026-06-10 16:24:22,781 [pyphi.conf] INFO MainProcess: Loaded configuration from ['/home/sophia_cardona/proyectos/projecto-analisis-20261/GeoMIP/src/Method2_Dynamic_Programming_Reformulation/pyphi_config.yml']
2026-06-10 16:24:22,781 [pyphi.conf] INFO MainProcess: Current PyPhi configuration:
 { 'ASSUME_CUTS_CANNOT_CREATE_NEW_CONCEPTS': False,
  'CACHE_POTENTIAL_PURVIEWS': True,
  'CACHE_REPERTOIRES': True,
  'CACHE_SIAS': False,
  'CACHING_BACKEND': 'fs',
  'CLEAR_SUBSYSTEM_CACHES_AFTER_COMPUTING_SIA': False,
  'CUT_ONE_APPROXIMATION': False,
  'FS_CACHE_DIRECTORY': '__pyphi_cache__',
  'FS_CACHE_VERBOSITY': 0,
  'LOG_FILE': 'pyphi.log',
  'LOG_FILE_LEVEL': 'INFO',
  'LOG_STDOUT_LEVEL': 'WARNING',
  'MAXIMUM_CACHE_MEMORY_PERCENTAGE': 50,
  'MEASURE': 'EMD',
  'MONGODB_CONFIG': { 'collection_name': 'cache',
                      'database_name': 'pyphi',
                      'host': 'localhost',
                      'port': 27017},
  'NUMBER_OF_CORES': -1,
  'PARALLEL_COMPLEX_EVALUATION': False,
  'PARALLEL_CONCEPT_EVALUATION': False,
  'PARALLEL_CUT_EVALUATION': True,
  'PARTITION_TYPE': 'BI',
  'PICK_SMALLEST_PURVIEW': False,
  'PRECISION': 6,
  'PRINT_FRACTIONS': True,
  'PROGRESS_BARS': True,
  'REDIS_CACHE': False,
  'REDIS_CONFIG': {'db': 0, 'host': 'localhost', 'port': 6379, 'test_db': 1},
  'REPR_VERBOSITY': 2,
  'SINGLE_MICRO_NODES_WITH_SELFLOOPS_HAVE_PHI': False,
  'SYSTEM_CUTS': '3.0_STYLE',
  'USE_SMALL_PHI_DIFFERENCE_FOR_CES_DISTANCE': False,
  'VALIDATE_CONDITIONAL_INDEPENDENCE': True,
  'VALIDATE_SUBSYSTEM_STATES': True,
  'WELCOME_OFF': True}
2026-06-13 17:52:44,622 [pyphi.conf] INFO MainProcess: PyPhi v1.2.0
2026-06-13 17:52:44,623 [pyphi.conf] INFO MainProcess: Loaded configuration from ['/home/sophia_cardona/proyectos/projecto-analisis-20261/GeoMIP/src/Method2_Dynamic_Programming_Reformulation/pyphi_config.yml']
2026-06-13 17:52:44,623 [pyphi.conf] INFO MainProcess: Current PyPhi configuration:
 { 'ASSUME_CUTS_CANNOT_CREATE_NEW_CONCEPTS': False,
  'CACHE_POTENTIAL_PURVIEWS': True,
  'CACHE_REPERTOIRES': True,
  'CACHE_SIAS': False,
  'CACHING_BACKEND': 'fs',
  'CLEAR_SUBSYSTEM_CACHES_AFTER_COMPUTING_SIA': False,
  'CUT_ONE_APPROXIMATION': False,
  'FS_CACHE_DIRECTORY': '__pyphi_cache__',
  'FS_CACHE_VERBOSITY': 0,
  'LOG_FILE': 'pyphi.log',
  'LOG_FILE_LEVEL': 'INFO',
  'LOG_STDOUT_LEVEL': 'WARNING',
  'MAXIMUM_CACHE_MEMORY_PERCENTAGE': 50,
  'MEASURE': 'EMD',
  'MONGODB_CONFIG': { 'collection_name': 'cache',
                      'database_name': 'pyphi',
                      'host': 'localhost',
                      'port': 27017},
  'NUMBER_OF_CORES': -1,
  'PARALLEL_COMPLEX_EVALUATION': False,
  'PARALLEL_CONCEPT_EVALUATION': False,
  'PARALLEL_CUT_EVALUATION': True,
  'PARTITION_TYPE': 'BI',
  'PICK_SMALLEST_PURVIEW': False,
  'PRECISION': 6,
  'PRINT_FRACTIONS': True,
  'PROGRESS_BARS': True,
  'REDIS_CACHE': False,
  'REDIS_CONFIG': {'db': 0, 'host': 'localhost', 'port': 6379, 'test_db': 1},
  'REPR_VERBOSITY': 2,
  'SINGLE_MICRO_NODES_WITH_SELFLOOPS_HAVE_PHI': False,
  'SYSTEM_CUTS': '3.0_STYLE',
  'USE_SMALL_PHI_DIFFERENCE_FOR_CES_DISTANCE': False,
  'VALIDATE_CONDITIONAL_INDEPENDENCE': True,
  'VALIDATE_SUBSYSTEM_STATES': True,
  'WELCOME_OFF': True}
2026-06-13 17:56:29,671 [pyphi.conf] INFO MainProcess: PyPhi v1.2.0
2026-06-13 17:56:29,671 [pyphi.conf] INFO MainProcess: Loaded configuration from ['/home/sophia_cardona/proyectos/projecto-analisis-20261/GeoMIP/src/Method2_Dynamic_Programming_Reformulation/pyphi_config.yml']
2026-06-13 17:56:29,672 [pyphi.conf] INFO MainProcess: Current PyPhi configuration:
 { 'ASSUME_CUTS_CANNOT_CREATE_NEW_CONCEPTS': False,
  'CACHE_POTENTIAL_PURVIEWS': True,
  'CACHE_REPERTOIRES': True,
  'CACHE_SIAS': False,
  'CACHING_BACKEND': 'fs',
  'CLEAR_SUBSYSTEM_CACHES_AFTER_COMPUTING_SIA': False,
  'CUT_ONE_APPROXIMATION': False,
  'FS_CACHE_DIRECTORY': '__pyphi_cache__',
  'FS_CACHE_VERBOSITY': 0,
  'LOG_FILE': 'pyphi.log',
  'LOG_FILE_LEVEL': 'INFO',
  'LOG_STDOUT_LEVEL': 'WARNING',
  'MAXIMUM_CACHE_MEMORY_PERCENTAGE': 50,
  'MEASURE': 'EMD',
  'MONGODB_CONFIG': { 'collection_name': 'cache',
                      'database_name': 'pyphi',
                      'host': 'localhost',
                      'port': 27017},
  'NUMBER_OF_CORES': -1,
  'PARALLEL_COMPLEX_EVALUATION': False,
  'PARALLEL_CONCEPT_EVALUATION': False,
  'PARALLEL_CUT_EVALUATION': True,
  'PARTITION_TYPE': 'BI',
  'PICK_SMALLEST_PURVIEW': False,
  'PRECISION': 6,
  'PRINT_FRACTIONS': True,
  'PROGRESS_BARS': True,
  'REDIS_CACHE': False,
  'REDIS_CONFIG': {'db': 0, 'host': 'localhost', 'port': 6379, 'test_db': 1},
  'REPR_VERBOSITY': 2,
  'SINGLE_MICRO_NODES_WITH_SELFLOOPS_HAVE_PHI': False,
  'SYSTEM_CUTS': '3.0_STYLE',
  'USE_SMALL_PHI_DIFFERENCE_FOR_CES_DISTANCE': False,
  'VALIDATE_CONDITIONAL_INDEPENDENCE': True,
  'VALIDATE_SUBSYSTEM_STATES': True,
  'WELCOME_OFF': True}
2026-06-13 17:58:07,502 [pyphi.conf] INFO MainProcess: PyPhi v1.2.0
2026-06-13 17:58:07,502 [pyphi.conf] INFO MainProcess: Loaded configuration from ['/home/sophia_cardona/proyectos/projecto-analisis-20261/GeoMIP/src/Method2_Dynamic_Programming_Reformulation/pyphi_config.yml']
2026-06-13 17:58:07,502 [pyphi.conf] INFO MainProcess: Current PyPhi configuration:
 { 'ASSUME_CUTS_CANNOT_CREATE_NEW_CONCEPTS': False,
  'CACHE_POTENTIAL_PURVIEWS': True,
  'CACHE_REPERTOIRES': True,
  'CACHE_SIAS': False,
  'CACHING_BACKEND': 'fs',
  'CLEAR_SUBSYSTEM_CACHES_AFTER_COMPUTING_SIA': False,
  'CUT_ONE_APPROXIMATION': False,
  'FS_CACHE_DIRECTORY': '__pyphi_cache__',
  'FS_CACHE_VERBOSITY': 0,
  'LOG_FILE': 'pyphi.log',
  'LOG_FILE_LEVEL': 'INFO',
  'LOG_STDOUT_LEVEL': 'WARNING',
  'MAXIMUM_CACHE_MEMORY_PERCENTAGE': 50,
  'MEASURE': 'EMD',
  'MONGODB_CONFIG': { 'collection_name': 'cache',
                      'database_name': 'pyphi',
                      'host': 'localhost',
                      'port': 27017},
  'NUMBER_OF_CORES': -1,
  'PARALLEL_COMPLEX_EVALUATION': False,
  'PARALLEL_CONCEPT_EVALUATION': False,
  'PARALLEL_CUT_EVALUATION': True,
  'PARTITION_TYPE': 'BI',
  'PICK_SMALLEST_PURVIEW': False,
  'PRECISION': 6,
  'PRINT_FRACTIONS': True,
  'PROGRESS_BARS': True,
  'REDIS_CACHE': False,
  'REDIS_CONFIG': {'db': 0, 'host': 'localhost', 'port': 6379, 'test_db': 1},
  'REPR_VERBOSITY': 2,
  'SINGLE_MICRO_NODES_WITH_SELFLOOPS_HAVE_PHI': False,
  'SYSTEM_CUTS': '3.0_STYLE',
  'USE_SMALL_PHI_DIFFERENCE_FOR_CES_DISTANCE': False,
  'VALIDATE_CONDITIONAL_INDEPENDENCE': True,
  'VALIDATE_SUBSYSTEM_STATES': True,
  'WELCOME_OFF': True}
2026-06-13 17:59:13,416 [pyphi.conf] INFO MainProcess: PyPhi v1.2.0
2026-06-13 17:59:13,416 [pyphi.conf] INFO MainProcess: Loaded configuration from ['/home/sophia_cardona/proyectos/projecto-analisis-20261/GeoMIP/src/Method2_Dynamic_Programming_Reformulation/pyphi_config.yml']
2026-06-13 17:59:13,416 [pyphi.conf] INFO MainProcess: Current PyPhi configuration:
 { 'ASSUME_CUTS_CANNOT_CREATE_NEW_CONCEPTS': False,
  'CACHE_POTENTIAL_PURVIEWS': True,
  'CACHE_REPERTOIRES': True,
  'CACHE_SIAS': False,
  'CACHING_BACKEND': 'fs',
  'CLEAR_SUBSYSTEM_CACHES_AFTER_COMPUTING_SIA': False,
  'CUT_ONE_APPROXIMATION': False,
  'FS_CACHE_DIRECTORY': '__pyphi_cache__',
  'FS_CACHE_VERBOSITY': 0,
  'LOG_FILE': 'pyphi.log',
  'LOG_FILE_LEVEL': 'INFO',
  'LOG_STDOUT_LEVEL': 'WARNING',
  'MAXIMUM_CACHE_MEMORY_PERCENTAGE': 50,
  'MEASURE': 'EMD',
  'MONGODB_CONFIG': { 'collection_name': 'cache',
                      'database_name': 'pyphi',
                      'host': 'localhost',
                      'port': 27017},
  'NUMBER_OF_CORES': -1,
  'PARALLEL_COMPLEX_EVALUATION': False,
  'PARALLEL_CONCEPT_EVALUATION': False,
  'PARALLEL_CUT_EVALUATION': True,
  'PARTITION_TYPE': 'BI',
  'PICK_SMALLEST_PURVIEW': False,
  'PRECISION': 6,
  'PRINT_FRACTIONS': True,
  'PROGRESS_BARS': True,
  'REDIS_CACHE': False,
  'REDIS_CONFIG': {'db': 0, 'host': 'localhost', 'port': 6379, 'test_db': 1},
  'REPR_VERBOSITY': 2,
  'SINGLE_MICRO_NODES_WITH_SELFLOOPS_HAVE_PHI': False,
  'SYSTEM_CUTS': '3.0_STYLE',
  'USE_SMALL_PHI_DIFFERENCE_FOR_CES_DISTANCE': False,
  'VALIDATE_CONDITIONAL_INDEPENDENCE': True,
  'VALIDATE_SUBSYSTEM_STATES': True,
  'WELCOME_OFF': True}
2026-06-13 18:04:24,504 [pyphi.conf] INFO MainProcess: PyPhi v1.2.0
2026-06-13 18:04:24,504 [pyphi.conf] INFO MainProcess: Loaded configuration from ['/home/sophia_cardona/proyectos/projecto-analisis-20261/GeoMIP/src/Method2_Dynamic_Programming_Reformulation/pyphi_config.yml']
2026-06-13 18:04:24,505 [pyphi.conf] INFO MainProcess: Current PyPhi configuration:
 { 'ASSUME_CUTS_CANNOT_CREATE_NEW_CONCEPTS': False,
  'CACHE_POTENTIAL_PURVIEWS': True,
  'CACHE_REPERTOIRES': True,
  'CACHE_SIAS': False,
  'CACHING_BACKEND': 'fs',
  'CLEAR_SUBSYSTEM_CACHES_AFTER_COMPUTING_SIA': False,
  'CUT_ONE_APPROXIMATION': False,
  'FS_CACHE_DIRECTORY': '__pyphi_cache__',
  'FS_CACHE_VERBOSITY': 0,
  'LOG_FILE': 'pyphi.log',
  'LOG_FILE_LEVEL': 'INFO',
  'LOG_STDOUT_LEVEL': 'WARNING',
  'MAXIMUM_CACHE_MEMORY_PERCENTAGE': 50,
  'MEASURE': 'EMD',
  'MONGODB_CONFIG': { 'collection_name': 'cache',
                      'database_name': 'pyphi',
                      'host': 'localhost',
                      'port': 27017},
  'NUMBER_OF_CORES': -1,
  'PARALLEL_COMPLEX_EVALUATION': False,
  'PARALLEL_CONCEPT_EVALUATION': False,
  'PARALLEL_CUT_EVALUATION': True,
  'PARTITION_TYPE': 'BI',
  'PICK_SMALLEST_PURVIEW': False,
  'PRECISION': 6,
  'PRINT_FRACTIONS': True,
  'PROGRESS_BARS': True,
  'REDIS_CACHE': False,
  'REDIS_CONFIG': {'db': 0, 'host': 'localhost', 'port': 6379, 'test_db': 1},
  'REPR_VERBOSITY': 2,
  'SINGLE_MICRO_NODES_WITH_SELFLOOPS_HAVE_PHI': False,
  'SYSTEM_CUTS': '3.0_STYLE',
  'USE_SMALL_PHI_DIFFERENCE_FOR_CES_DISTANCE': False,
  'VALIDATE_CONDITIONAL_INDEPENDENCE': True,
  'VALIDATE_SUBSYSTEM_STATES': True,
  'WELCOME_OFF': True}
2026-06-13 18:09:31,037 [pyphi.conf] INFO MainProcess: PyPhi v1.2.0
2026-06-13 18:09:31,037 [pyphi.conf] INFO MainProcess: Loaded configuration from ['/home/sophia_cardona/proyectos/projecto-analisis-20261/GeoMIP/src/Method2_Dynamic_Programming_Reformulation/pyphi_config.yml']
2026-06-13 18:09:31,037 [pyphi.conf] INFO MainProcess: Current PyPhi configuration:
 { 'ASSUME_CUTS_CANNOT_CREATE_NEW_CONCEPTS': False,
  'CACHE_POTENTIAL_PURVIEWS': True,
  'CACHE_REPERTOIRES': True,
  'CACHE_SIAS': False,
  'CACHING_BACKEND': 'fs',
  'CLEAR_SUBSYSTEM_CACHES_AFTER_COMPUTING_SIA': False,
  'CUT_ONE_APPROXIMATION': False,
  'FS_CACHE_DIRECTORY': '__pyphi_cache__',
  'FS_CACHE_VERBOSITY': 0,
  'LOG_FILE': 'pyphi.log',
  'LOG_FILE_LEVEL': 'INFO',
  'LOG_STDOUT_LEVEL': 'WARNING',
  'MAXIMUM_CACHE_MEMORY_PERCENTAGE': 50,
  'MEASURE': 'EMD',
  'MONGODB_CONFIG': { 'collection_name': 'cache',
                      'database_name': 'pyphi',
                      'host': 'localhost',
                      'port': 27017},
  'NUMBER_OF_CORES': -1,
  'PARALLEL_COMPLEX_EVALUATION': False,
  'PARALLEL_CONCEPT_EVALUATION': False,
  'PARALLEL_CUT_EVALUATION': True,
  'PARTITION_TYPE': 'BI',
  'PICK_SMALLEST_PURVIEW': False,
  'PRECISION': 6,
  'PRINT_FRACTIONS': True,
  'PROGRESS_BARS': True,
  'REDIS_CACHE': False,
  'REDIS_CONFIG': {'db': 0, 'host': 'localhost', 'port': 6379, 'test_db': 1},
  'REPR_VERBOSITY': 2,
  'SINGLE_MICRO_NODES_WITH_SELFLOOPS_HAVE_PHI': False,
  'SYSTEM_CUTS': '3.0_STYLE',
  'USE_SMALL_PHI_DIFFERENCE_FOR_CES_DISTANCE': False,
  'VALIDATE_CONDITIONAL_INDEPENDENCE': True,
  'VALIDATE_SUBSYSTEM_STATES': True,
  'WELCOME_OFF': True}
2026-06-13 18:12:44,986 [pyphi.conf] INFO MainProcess: PyPhi v1.2.0
2026-06-13 18:12:44,986 [pyphi.conf] INFO MainProcess: Loaded configuration from ['/home/sophia_cardona/proyectos/projecto-analisis-20261/GeoMIP/src/Method2_Dynamic_Programming_Reformulation/pyphi_config.yml']
2026-06-13 18:12:44,986 [pyphi.conf] INFO MainProcess: Current PyPhi configuration:
 { 'ASSUME_CUTS_CANNOT_CREATE_NEW_CONCEPTS': False,
  'CACHE_POTENTIAL_PURVIEWS': True,
  'CACHE_REPERTOIRES': True,
  'CACHE_SIAS': False,
  'CACHING_BACKEND': 'fs',
  'CLEAR_SUBSYSTEM_CACHES_AFTER_COMPUTING_SIA': False,
  'CUT_ONE_APPROXIMATION': False,
  'FS_CACHE_DIRECTORY': '__pyphi_cache__',
  'FS_CACHE_VERBOSITY': 0,
  'LOG_FILE': 'pyphi.log',
  'LOG_FILE_LEVEL': 'INFO',
  'LOG_STDOUT_LEVEL': 'WARNING',
  'MAXIMUM_CACHE_MEMORY_PERCENTAGE': 50,
  'MEASURE': 'EMD',
  'MONGODB_CONFIG': { 'collection_name': 'cache',
                      'database_name': 'pyphi',
                      'host': 'localhost',
                      'port': 27017},
  'NUMBER_OF_CORES': -1,
  'PARALLEL_COMPLEX_EVALUATION': False,
  'PARALLEL_CONCEPT_EVALUATION': False,
  'PARALLEL_CUT_EVALUATION': True,
  'PARTITION_TYPE': 'BI',
  'PICK_SMALLEST_PURVIEW': False,
  'PRECISION': 6,
  'PRINT_FRACTIONS': True,
  'PROGRESS_BARS': True,
  'REDIS_CACHE': False,
  'REDIS_CONFIG': {'db': 0, 'host': 'localhost', 'port': 6379, 'test_db': 1},
  'REPR_VERBOSITY': 2,
  'SINGLE_MICRO_NODES_WITH_SELFLOOPS_HAVE_PHI': False,
  'SYSTEM_CUTS': '3.0_STYLE',
  'USE_SMALL_PHI_DIFFERENCE_FOR_CES_DISTANCE': False,
  'VALIDATE_CONDITIONAL_INDEPENDENCE': True,
  'VALIDATE_SUBSYSTEM_STATES': True,
  'WELCOME_OFF': True}
2026-06-13 18:13:58,956 [pyphi.conf] INFO MainProcess: PyPhi v1.2.0
2026-06-13 18:13:58,956 [pyphi.conf] INFO MainProcess: Loaded configuration from ['/home/sophia_cardona/proyectos/projecto-analisis-20261/GeoMIP/src/Method2_Dynamic_Programming_Reformulation/pyphi_config.yml']
2026-06-13 18:13:58,956 [pyphi.conf] INFO MainProcess: Current PyPhi configuration:
 { 'ASSUME_CUTS_CANNOT_CREATE_NEW_CONCEPTS': False,
  'CACHE_POTENTIAL_PURVIEWS': True,
  'CACHE_REPERTOIRES': True,
  'CACHE_SIAS': False,
  'CACHING_BACKEND': 'fs',
  'CLEAR_SUBSYSTEM_CACHES_AFTER_COMPUTING_SIA': False,
  'CUT_ONE_APPROXIMATION': False,
  'FS_CACHE_DIRECTORY': '__pyphi_cache__',
  'FS_CACHE_VERBOSITY': 0,
  'LOG_FILE': 'pyphi.log',
  'LOG_FILE_LEVEL': 'INFO',
  'LOG_STDOUT_LEVEL': 'WARNING',
  'MAXIMUM_CACHE_MEMORY_PERCENTAGE': 50,
  'MEASURE': 'EMD',
  'MONGODB_CONFIG': { 'collection_name': 'cache',
                      'database_name': 'pyphi',
                      'host': 'localhost',
                      'port': 27017},
  'NUMBER_OF_CORES': -1,
  'PARALLEL_COMPLEX_EVALUATION': False,
  'PARALLEL_CONCEPT_EVALUATION': False,
  'PARALLEL_CUT_EVALUATION': True,
  'PARTITION_TYPE': 'BI',
  'PICK_SMALLEST_PURVIEW': False,
  'PRECISION': 6,
  'PRINT_FRACTIONS': True,
  'PROGRESS_BARS': True,
  'REDIS_CACHE': False,
  'REDIS_CONFIG': {'db': 0, 'host': 'localhost', 'port': 6379, 'test_db': 1},
  'REPR_VERBOSITY': 2,
  'SINGLE_MICRO_NODES_WITH_SELFLOOPS_HAVE_PHI': False,
  'SYSTEM_CUTS': '3.0_STYLE',
  'USE_SMALL_PHI_DIFFERENCE_FOR_CES_DISTANCE': False,
  'VALIDATE_CONDITIONAL_INDEPENDENCE': True,
  'VALIDATE_SUBSYSTEM_STATES': True,
  'WELCOME_OFF': True}
2026-06-13 18:19:15,991 [pyphi.conf] INFO MainProcess: PyPhi v1.2.0
2026-06-13 18:19:15,991 [pyphi.conf] INFO MainProcess: Loaded configuration from ['/home/sophia_cardona/proyectos/projecto-analisis-20261/GeoMIP/src/Method2_Dynamic_Programming_Reformulation/pyphi_config.yml']
2026-06-13 18:19:15,992 [pyphi.conf] INFO MainProcess: Current PyPhi configuration:
 { 'ASSUME_CUTS_CANNOT_CREATE_NEW_CONCEPTS': False,
  'CACHE_POTENTIAL_PURVIEWS': True,
  'CACHE_REPERTOIRES': True,
  'CACHE_SIAS': False,
  'CACHING_BACKEND': 'fs',
  'CLEAR_SUBSYSTEM_CACHES_AFTER_COMPUTING_SIA': False,
  'CUT_ONE_APPROXIMATION': False,
  'FS_CACHE_DIRECTORY': '__pyphi_cache__',
  'FS_CACHE_VERBOSITY': 0,
  'LOG_FILE': 'pyphi.log',
  'LOG_FILE_LEVEL': 'INFO',
  'LOG_STDOUT_LEVEL': 'WARNING',
  'MAXIMUM_CACHE_MEMORY_PERCENTAGE': 50,
  'MEASURE': 'EMD',
  'MONGODB_CONFIG': { 'collection_name': 'cache',
                      'database_name': 'pyphi',
                      'host': 'localhost',
                      'port': 27017},
  'NUMBER_OF_CORES': -1,
  'PARALLEL_COMPLEX_EVALUATION': False,
  'PARALLEL_CONCEPT_EVALUATION': False,
  'PARALLEL_CUT_EVALUATION': True,
  'PARTITION_TYPE': 'BI',
  'PICK_SMALLEST_PURVIEW': False,
  'PRECISION': 6,
  'PRINT_FRACTIONS': True,
  'PROGRESS_BARS': True,
  'REDIS_CACHE': False,
  'REDIS_CONFIG': {'db': 0, 'host': 'localhost', 'port': 6379, 'test_db': 1},
  'REPR_VERBOSITY': 2,
  'SINGLE_MICRO_NODES_WITH_SELFLOOPS_HAVE_PHI': False,
  'SYSTEM_CUTS': '3.0_STYLE',
  'USE_SMALL_PHI_DIFFERENCE_FOR_CES_DISTANCE': False,
  'VALIDATE_CONDITIONAL_INDEPENDENCE': True,
  'VALIDATE_SUBSYSTEM_STATES': True,
  'WELCOME_OFF': True}
2026-06-13 18:33:52,167 [pyphi.conf] INFO MainProcess: PyPhi v1.2.0
2026-06-13 18:33:52,168 [pyphi.conf] INFO MainProcess: Loaded configuration from ['/home/sophia_cardona/proyectos/projecto-analisis-20261/GeoMIP/src/Method2_Dynamic_Programming_Reformulation/pyphi_config.yml']
2026-06-13 18:33:52,168 [pyphi.conf] INFO MainProcess: Current PyPhi configuration:
 { 'ASSUME_CUTS_CANNOT_CREATE_NEW_CONCEPTS': False,
  'CACHE_POTENTIAL_PURVIEWS': True,
  'CACHE_REPERTOIRES': True,
  'CACHE_SIAS': False,
  'CACHING_BACKEND': 'fs',
  'CLEAR_SUBSYSTEM_CACHES_AFTER_COMPUTING_SIA': False,
  'CUT_ONE_APPROXIMATION': False,
  'FS_CACHE_DIRECTORY': '__pyphi_cache__',
  'FS_CACHE_VERBOSITY': 0,
  'LOG_FILE': 'pyphi.log',
  'LOG_FILE_LEVEL': 'INFO',
  'LOG_STDOUT_LEVEL': 'WARNING',
  'MAXIMUM_CACHE_MEMORY_PERCENTAGE': 50,
  'MEASURE': 'EMD',
  'MONGODB_CONFIG': { 'collection_name': 'cache',
                      'database_name': 'pyphi',
                      'host': 'localhost',
                      'port': 27017},
  'NUMBER_OF_CORES': -1,
  'PARALLEL_COMPLEX_EVALUATION': False,
  'PARALLEL_CONCEPT_EVALUATION': False,
  'PARALLEL_CUT_EVALUATION': True,
  'PARTITION_TYPE': 'BI',
  'PICK_SMALLEST_PURVIEW': False,
  'PRECISION': 6,
  'PRINT_FRACTIONS': True,
  'PROGRESS_BARS': True,
  'REDIS_CACHE': False,
  'REDIS_CONFIG': {'db': 0, 'host': 'localhost', 'port': 6379, 'test_db': 1},
  'REPR_VERBOSITY': 2,
  'SINGLE_MICRO_NODES_WITH_SELFLOOPS_HAVE_PHI': False,
  'SYSTEM_CUTS': '3.0_STYLE',
  'USE_SMALL_PHI_DIFFERENCE_FOR_CES_DISTANCE': False,
  'VALIDATE_CONDITIONAL_INDEPENDENCE': True,
  'VALIDATE_SUBSYSTEM_STATES': True,
  'WELCOME_OFF': True}
2026-06-13 18:36:23,411 [pyphi.conf] INFO MainProcess: PyPhi v1.2.0
2026-06-13 18:36:23,412 [pyphi.conf] INFO MainProcess: Loaded configuration from ['/home/sophia_cardona/proyectos/projecto-analisis-20261/GeoMIP/src/Method2_Dynamic_Programming_Reformulation/pyphi_config.yml']
2026-06-13 18:36:23,413 [pyphi.conf] INFO MainProcess: Current PyPhi configuration:
 { 'ASSUME_CUTS_CANNOT_CREATE_NEW_CONCEPTS': False,
  'CACHE_POTENTIAL_PURVIEWS': True,
  'CACHE_REPERTOIRES': True,
  'CACHE_SIAS': False,
  'CACHING_BACKEND': 'fs',
  'CLEAR_SUBSYSTEM_CACHES_AFTER_COMPUTING_SIA': False,
  'CUT_ONE_APPROXIMATION': False,
  'FS_CACHE_DIRECTORY': '__pyphi_cache__',
  'FS_CACHE_VERBOSITY': 0,
  'LOG_FILE': 'pyphi.log',
  'LOG_FILE_LEVEL': 'INFO',
  'LOG_STDOUT_LEVEL': 'WARNING',
  'MAXIMUM_CACHE_MEMORY_PERCENTAGE': 50,
  'MEASURE': 'EMD',
  'MONGODB_CONFIG': { 'collection_name': 'cache',
                      'database_name': 'pyphi',
                      'host': 'localhost',
                      'port': 27017},
  'NUMBER_OF_CORES': -1,
  'PARALLEL_COMPLEX_EVALUATION': False,
  'PARALLEL_CONCEPT_EVALUATION': False,
  'PARALLEL_CUT_EVALUATION': True,
  'PARTITION_TYPE': 'BI',
  'PICK_SMALLEST_PURVIEW': False,
  'PRECISION': 6,
  'PRINT_FRACTIONS': True,
  'PROGRESS_BARS': True,
  'REDIS_CACHE': False,
  'REDIS_CONFIG': {'db': 0, 'host': 'localhost', 'port': 6379, 'test_db': 1},
  'REPR_VERBOSITY': 2,
  'SINGLE_MICRO_NODES_WITH_SELFLOOPS_HAVE_PHI': False,
  'SYSTEM_CUTS': '3.0_STYLE',
  'USE_SMALL_PHI_DIFFERENCE_FOR_CES_DISTANCE': False,
  'VALIDATE_CONDITIONAL_INDEPENDENCE': True,
  'VALIDATE_SUBSYSTEM_STATES': True,
  'WELCOME_OFF': True}
2026-06-13 18:41:50,978 [pyphi.conf] INFO MainProcess: PyPhi v1.2.0
2026-06-13 18:41:50,978 [pyphi.conf] INFO MainProcess: Loaded configuration from ['/home/sophia_cardona/proyectos/projecto-analisis-20261/GeoMIP/src/Method2_Dynamic_Programming_Reformulation/pyphi_config.yml']
2026-06-13 18:41:50,978 [pyphi.conf] INFO MainProcess: Current PyPhi configuration:
 { 'ASSUME_CUTS_CANNOT_CREATE_NEW_CONCEPTS': False,
  'CACHE_POTENTIAL_PURVIEWS': True,
  'CACHE_REPERTOIRES': True,
  'CACHE_SIAS': False,
  'CACHING_BACKEND': 'fs',
  'CLEAR_SUBSYSTEM_CACHES_AFTER_COMPUTING_SIA': False,
  'CUT_ONE_APPROXIMATION': False,
  'FS_CACHE_DIRECTORY': '__pyphi_cache__',
  'FS_CACHE_VERBOSITY': 0,
  'LOG_FILE': 'pyphi.log',
  'LOG_FILE_LEVEL': 'INFO',
  'LOG_STDOUT_LEVEL': 'WARNING',
  'MAXIMUM_CACHE_MEMORY_PERCENTAGE': 50,
  'MEASURE': 'EMD',
  'MONGODB_CONFIG': { 'collection_name': 'cache',
                      'database_name': 'pyphi',
                      'host': 'localhost',
                      'port': 27017},
  'NUMBER_OF_CORES': -1,
  'PARALLEL_COMPLEX_EVALUATION': False,
  'PARALLEL_CONCEPT_EVALUATION': False,
  'PARALLEL_CUT_EVALUATION': True,
  'PARTITION_TYPE': 'BI',
  'PICK_SMALLEST_PURVIEW': False,
  'PRECISION': 6,
  'PRINT_FRACTIONS': True,
  'PROGRESS_BARS': True,
  'REDIS_CACHE': False,
  'REDIS_CONFIG': {'db': 0, 'host': 'localhost', 'port': 6379, 'test_db': 1},
  'REPR_VERBOSITY': 2,
  'SINGLE_MICRO_NODES_WITH_SELFLOOPS_HAVE_PHI': False,
  'SYSTEM_CUTS': '3.0_STYLE',
  'USE_SMALL_PHI_DIFFERENCE_FOR_CES_DISTANCE': False,
  'VALIDATE_CONDITIONAL_INDEPENDENCE': True,
  'VALIDATE_SUBSYSTEM_STATES': True,
  'WELCOME_OFF': True}
2026-06-13 18:42:58,287 [pyphi.conf] INFO MainProcess: PyPhi v1.2.0
2026-06-13 18:42:58,287 [pyphi.conf] INFO MainProcess: Loaded configuration from ['/home/sophia_cardona/proyectos/projecto-analisis-20261/GeoMIP/src/Method2_Dynamic_Programming_Reformulation/pyphi_config.yml']
2026-06-13 18:42:58,287 [pyphi.conf] INFO MainProcess: Current PyPhi configuration:
 { 'ASSUME_CUTS_CANNOT_CREATE_NEW_CONCEPTS': False,
  'CACHE_POTENTIAL_PURVIEWS': True,
  'CACHE_REPERTOIRES': True,
  'CACHE_SIAS': False,
  'CACHING_BACKEND': 'fs',
  'CLEAR_SUBSYSTEM_CACHES_AFTER_COMPUTING_SIA': False,
  'CUT_ONE_APPROXIMATION': False,
  'FS_CACHE_DIRECTORY': '__pyphi_cache__',
  'FS_CACHE_VERBOSITY': 0,
  'LOG_FILE': 'pyphi.log',
  'LOG_FILE_LEVEL': 'INFO',
  'LOG_STDOUT_LEVEL': 'WARNING',
  'MAXIMUM_CACHE_MEMORY_PERCENTAGE': 50,
  'MEASURE': 'EMD',
  'MONGODB_CONFIG': { 'collection_name': 'cache',
                      'database_name': 'pyphi',
                      'host': 'localhost',
                      'port': 27017},
  'NUMBER_OF_CORES': -1,
  'PARALLEL_COMPLEX_EVALUATION': False,
  'PARALLEL_CONCEPT_EVALUATION': False,
  'PARALLEL_CUT_EVALUATION': True,
  'PARTITION_TYPE': 'BI',
  'PICK_SMALLEST_PURVIEW': False,
  'PRECISION': 6,
  'PRINT_FRACTIONS': True,
  'PROGRESS_BARS': True,
  'REDIS_CACHE': False,
  'REDIS_CONFIG': {'db': 0, 'host': 'localhost', 'port': 6379, 'test_db': 1},
  'REPR_VERBOSITY': 2,
  'SINGLE_MICRO_NODES_WITH_SELFLOOPS_HAVE_PHI': False,
  'SYSTEM_CUTS': '3.0_STYLE',
  'USE_SMALL_PHI_DIFFERENCE_FOR_CES_DISTANCE': False,
  'VALIDATE_CONDITIONAL_INDEPENDENCE': True,
  'VALIDATE_SUBSYSTEM_STATES': True,
  'WELCOME_OFF': True}
2026-06-13 18:48:56,680 [pyphi.conf] INFO MainProcess: PyPhi v1.2.0
2026-06-13 18:48:56,680 [pyphi.conf] INFO MainProcess: Loaded configuration from ['/home/sophia_cardona/proyectos/projecto-analisis-20261/GeoMIP/src/Method2_Dynamic_Programming_Reformulation/pyphi_config.yml']
2026-06-13 18:48:56,681 [pyphi.conf] INFO MainProcess: Current PyPhi configuration:
 { 'ASSUME_CUTS_CANNOT_CREATE_NEW_CONCEPTS': False,
  'CACHE_POTENTIAL_PURVIEWS': True,
  'CACHE_REPERTOIRES': True,
  'CACHE_SIAS': False,
  'CACHING_BACKEND': 'fs',
  'CLEAR_SUBSYSTEM_CACHES_AFTER_COMPUTING_SIA': False,
  'CUT_ONE_APPROXIMATION': False,
  'FS_CACHE_DIRECTORY': '__pyphi_cache__',
  'FS_CACHE_VERBOSITY': 0,
  'LOG_FILE': 'pyphi.log',
  'LOG_FILE_LEVEL': 'INFO',
  'LOG_STDOUT_LEVEL': 'WARNING',
  'MAXIMUM_CACHE_MEMORY_PERCENTAGE': 50,
  'MEASURE': 'EMD',
  'MONGODB_CONFIG': { 'collection_name': 'cache',
                      'database_name': 'pyphi',
                      'host': 'localhost',
                      'port': 27017},
  'NUMBER_OF_CORES': -1,
  'PARALLEL_COMPLEX_EVALUATION': False,
  'PARALLEL_CONCEPT_EVALUATION': False,
  'PARALLEL_CUT_EVALUATION': True,
  'PARTITION_TYPE': 'BI',
  'PICK_SMALLEST_PURVIEW': False,
  'PRECISION': 6,
  'PRINT_FRACTIONS': True,
  'PROGRESS_BARS': True,
  'REDIS_CACHE': False,
  'REDIS_CONFIG': {'db': 0, 'host': 'localhost', 'port': 6379, 'test_db': 1},
  'REPR_VERBOSITY': 2,
  'SINGLE_MICRO_NODES_WITH_SELFLOOPS_HAVE_PHI': False,
  'SYSTEM_CUTS': '3.0_STYLE',
  'USE_SMALL_PHI_DIFFERENCE_FOR_CES_DISTANCE': False,
  'VALIDATE_CONDITIONAL_INDEPENDENCE': True,
  'VALIDATE_SUBSYSTEM_STATES': True,
  'WELCOME_OFF': True}
2026-06-13 18:49:56,876 [pyphi.conf] INFO MainProcess: PyPhi v1.2.0
2026-06-13 18:49:56,877 [pyphi.conf] INFO MainProcess: Loaded configuration from ['/home/sophia_cardona/proyectos/projecto-analisis-20261/GeoMIP/src/Method2_Dynamic_Programming_Reformulation/pyphi_config.yml']
2026-06-13 18:49:56,877 [pyphi.conf] INFO MainProcess: Current PyPhi configuration:
 { 'ASSUME_CUTS_CANNOT_CREATE_NEW_CONCEPTS': False,
  'CACHE_POTENTIAL_PURVIEWS': True,
  'CACHE_REPERTOIRES': True,
  'CACHE_SIAS': False,
  'CACHING_BACKEND': 'fs',
  'CLEAR_SUBSYSTEM_CACHES_AFTER_COMPUTING_SIA': False,
  'CUT_ONE_APPROXIMATION': False,
  'FS_CACHE_DIRECTORY': '__pyphi_cache__',
  'FS_CACHE_VERBOSITY': 0,
  'LOG_FILE': 'pyphi.log',
  'LOG_FILE_LEVEL': 'INFO',
  'LOG_STDOUT_LEVEL': 'WARNING',
  'MAXIMUM_CACHE_MEMORY_PERCENTAGE': 50,
  'MEASURE': 'EMD',
  'MONGODB_CONFIG': { 'collection_name': 'cache',
                      'database_name': 'pyphi',
                      'host': 'localhost',
                      'port': 27017},
  'NUMBER_OF_CORES': -1,
  'PARALLEL_COMPLEX_EVALUATION': False,
  'PARALLEL_CONCEPT_EVALUATION': False,
  'PARALLEL_CUT_EVALUATION': True,
  'PARTITION_TYPE': 'BI',
  'PICK_SMALLEST_PURVIEW': False,
  'PRECISION': 6,
  'PRINT_FRACTIONS': True,
  'PROGRESS_BARS': True,
  'REDIS_CACHE': False,
  'REDIS_CONFIG': {'db': 0, 'host': 'localhost', 'port': 6379, 'test_db': 1},
  'REPR_VERBOSITY': 2,
  'SINGLE_MICRO_NODES_WITH_SELFLOOPS_HAVE_PHI': False,
  'SYSTEM_CUTS': '3.0_STYLE',
  'USE_SMALL_PHI_DIFFERENCE_FOR_CES_DISTANCE': False,
  'VALIDATE_CONDITIONAL_INDEPENDENCE': True,
  'VALIDATE_SUBSYSTEM_STATES': True,
  'WELCOME_OFF': True}
2026-06-13 18:51:57,308 [pyphi.conf] INFO MainProcess: PyPhi v1.2.0
2026-06-13 18:51:57,308 [pyphi.conf] INFO MainProcess: Loaded configuration from ['/home/sophia_cardona/proyectos/projecto-analisis-20261/GeoMIP/src/Method2_Dynamic_Programming_Reformulation/pyphi_config.yml']
2026-06-13 18:51:57,308 [pyphi.conf] INFO MainProcess: Current PyPhi configuration:
 { 'ASSUME_CUTS_CANNOT_CREATE_NEW_CONCEPTS': False,
  'CACHE_POTENTIAL_PURVIEWS': True,
  'CACHE_REPERTOIRES': True,
  'CACHE_SIAS': False,
  'CACHING_BACKEND': 'fs',
  'CLEAR_SUBSYSTEM_CACHES_AFTER_COMPUTING_SIA': False,
  'CUT_ONE_APPROXIMATION': False,
  'FS_CACHE_DIRECTORY': '__pyphi_cache__',
  'FS_CACHE_VERBOSITY': 0,
  'LOG_FILE': 'pyphi.log',
  'LOG_FILE_LEVEL': 'INFO',
  'LOG_STDOUT_LEVEL': 'WARNING',
  'MAXIMUM_CACHE_MEMORY_PERCENTAGE': 50,
  'MEASURE': 'EMD',
  'MONGODB_CONFIG': { 'collection_name': 'cache',
                      'database_name': 'pyphi',
                      'host': 'localhost',
                      'port': 27017},
  'NUMBER_OF_CORES': -1,
  'PARALLEL_COMPLEX_EVALUATION': False,
  'PARALLEL_CONCEPT_EVALUATION': False,
  'PARALLEL_CUT_EVALUATION': True,
  'PARTITION_TYPE': 'BI',
  'PICK_SMALLEST_PURVIEW': False,
  'PRECISION': 6,
  'PRINT_FRACTIONS': True,
  'PROGRESS_BARS': True,
  'REDIS_CACHE': False,
  'REDIS_CONFIG': {'db': 0, 'host': 'localhost', 'port': 6379, 'test_db': 1},
  'REPR_VERBOSITY': 2,
  'SINGLE_MICRO_NODES_WITH_SELFLOOPS_HAVE_PHI': False,
  'SYSTEM_CUTS': '3.0_STYLE',
  'USE_SMALL_PHI_DIFFERENCE_FOR_CES_DISTANCE': False,
  'VALIDATE_CONDITIONAL_INDEPENDENCE': True,
  'VALIDATE_SUBSYSTEM_STATES': True,
  'WELCOME_OFF': True}
2026-06-13 18:53:16,933 [pyphi.conf] INFO MainProcess: PyPhi v1.2.0
2026-06-13 18:53:16,933 [pyphi.conf] INFO MainProcess: Loaded configuration from ['/home/sophia_cardona/proyectos/projecto-analisis-20261/GeoMIP/src/Method2_Dynamic_Programming_Reformulation/pyphi_config.yml']
2026-06-13 18:53:16,934 [pyphi.conf] INFO MainProcess: Current PyPhi configuration:
 { 'ASSUME_CUTS_CANNOT_CREATE_NEW_CONCEPTS': False,
  'CACHE_POTENTIAL_PURVIEWS': True,
  'CACHE_REPERTOIRES': True,
  'CACHE_SIAS': False,
  'CACHING_BACKEND': 'fs',
  'CLEAR_SUBSYSTEM_CACHES_AFTER_COMPUTING_SIA': False,
  'CUT_ONE_APPROXIMATION': False,
  'FS_CACHE_DIRECTORY': '__pyphi_cache__',
  'FS_CACHE_VERBOSITY': 0,
  'LOG_FILE': 'pyphi.log',
  'LOG_FILE_LEVEL': 'INFO',
  'LOG_STDOUT_LEVEL': 'WARNING',
  'MAXIMUM_CACHE_MEMORY_PERCENTAGE': 50,
  'MEASURE': 'EMD',
  'MONGODB_CONFIG': { 'collection_name': 'cache',
                      'database_name': 'pyphi',
                      'host': 'localhost',
                      'port': 27017},
  'NUMBER_OF_CORES': -1,
  'PARALLEL_COMPLEX_EVALUATION': False,
  'PARALLEL_CONCEPT_EVALUATION': False,
  'PARALLEL_CUT_EVALUATION': True,
  'PARTITION_TYPE': 'BI',
  'PICK_SMALLEST_PURVIEW': False,
  'PRECISION': 6,
  'PRINT_FRACTIONS': True,
  'PROGRESS_BARS': True,
  'REDIS_CACHE': False,
  'REDIS_CONFIG': {'db': 0, 'host': 'localhost', 'port': 6379, 'test_db': 1},
  'REPR_VERBOSITY': 2,
  'SINGLE_MICRO_NODES_WITH_SELFLOOPS_HAVE_PHI': False,
  'SYSTEM_CUTS': '3.0_STYLE',
  'USE_SMALL_PHI_DIFFERENCE_FOR_CES_DISTANCE': False,
  'VALIDATE_CONDITIONAL_INDEPENDENCE': True,
  'VALIDATE_SUBSYSTEM_STATES': True,
  'WELCOME_OFF': True}
2026-06-13 18:55:23,076 [pyphi.conf] INFO MainProcess: PyPhi v1.2.0
2026-06-13 18:55:23,077 [pyphi.conf] INFO MainProcess: Loaded configuration from ['/home/sophia_cardona/proyectos/projecto-analisis-20261/GeoMIP/src/Method2_Dynamic_Programming_Reformulation/pyphi_config.yml']
2026-06-13 18:55:23,077 [pyphi.conf] INFO MainProcess: Current PyPhi configuration:
 { 'ASSUME_CUTS_CANNOT_CREATE_NEW_CONCEPTS': False,
  'CACHE_POTENTIAL_PURVIEWS': True,
  'CACHE_REPERTOIRES': True,
  'CACHE_SIAS': False,
  'CACHING_BACKEND': 'fs',
  'CLEAR_SUBSYSTEM_CACHES_AFTER_COMPUTING_SIA': False,
  'CUT_ONE_APPROXIMATION': False,
  'FS_CACHE_DIRECTORY': '__pyphi_cache__',
  'FS_CACHE_VERBOSITY': 0,
  'LOG_FILE': 'pyphi.log',
  'LOG_FILE_LEVEL': 'INFO',
  'LOG_STDOUT_LEVEL': 'WARNING',
  'MAXIMUM_CACHE_MEMORY_PERCENTAGE': 50,
  'MEASURE': 'EMD',
  'MONGODB_CONFIG': { 'collection_name': 'cache',
                      'database_name': 'pyphi',
                      'host': 'localhost',
                      'port': 27017},
  'NUMBER_OF_CORES': -1,
  'PARALLEL_COMPLEX_EVALUATION': False,
  'PARALLEL_CONCEPT_EVALUATION': False,
  'PARALLEL_CUT_EVALUATION': True,
  'PARTITION_TYPE': 'BI',
  'PICK_SMALLEST_PURVIEW': False,
  'PRECISION': 6,
  'PRINT_FRACTIONS': True,
  'PROGRESS_BARS': True,
  'REDIS_CACHE': False,
  'REDIS_CONFIG': {'db': 0, 'host': 'localhost', 'port': 6379, 'test_db': 1},
  'REPR_VERBOSITY': 2,
  'SINGLE_MICRO_NODES_WITH_SELFLOOPS_HAVE_PHI': False,
  'SYSTEM_CUTS': '3.0_STYLE',
  'USE_SMALL_PHI_DIFFERENCE_FOR_CES_DISTANCE': False,
  'VALIDATE_CONDITIONAL_INDEPENDENCE': True,
  'VALIDATE_SUBSYSTEM_STATES': True,
  'WELCOME_OFF': True}
2026-06-13 18:56:36,490 [pyphi.conf] INFO MainProcess: PyPhi v1.2.0
2026-06-13 18:56:36,491 [pyphi.conf] INFO MainProcess: Loaded configuration from ['/home/sophia_cardona/proyectos/projecto-analisis-20261/GeoMIP/src/Method2_Dynamic_Programming_Reformulation/pyphi_config.yml']
2026-06-13 18:56:36,491 [pyphi.conf] INFO MainProcess: Current PyPhi configuration:
 { 'ASSUME_CUTS_CANNOT_CREATE_NEW_CONCEPTS': False,
  'CACHE_POTENTIAL_PURVIEWS': True,
  'CACHE_REPERTOIRES': True,
  'CACHE_SIAS': False,
  'CACHING_BACKEND': 'fs',
  'CLEAR_SUBSYSTEM_CACHES_AFTER_COMPUTING_SIA': False,
  'CUT_ONE_APPROXIMATION': False,
  'FS_CACHE_DIRECTORY': '__pyphi_cache__',
  'FS_CACHE_VERBOSITY': 0,
  'LOG_FILE': 'pyphi.log',
  'LOG_FILE_LEVEL': 'INFO',
  'LOG_STDOUT_LEVEL': 'WARNING',
  'MAXIMUM_CACHE_MEMORY_PERCENTAGE': 50,
  'MEASURE': 'EMD',
  'MONGODB_CONFIG': { 'collection_name': 'cache',
                      'database_name': 'pyphi',
                      'host': 'localhost',
                      'port': 27017},
  'NUMBER_OF_CORES': -1,
  'PARALLEL_COMPLEX_EVALUATION': False,
  'PARALLEL_CONCEPT_EVALUATION': False,
  'PARALLEL_CUT_EVALUATION': True,
  'PARTITION_TYPE': 'BI',
  'PICK_SMALLEST_PURVIEW': False,
  'PRECISION': 6,
  'PRINT_FRACTIONS': True,
  'PROGRESS_BARS': True,
  'REDIS_CACHE': False,
  'REDIS_CONFIG': {'db': 0, 'host': 'localhost', 'port': 6379, 'test_db': 1},
  'REPR_VERBOSITY': 2,
  'SINGLE_MICRO_NODES_WITH_SELFLOOPS_HAVE_PHI': False,
  'SYSTEM_CUTS': '3.0_STYLE',
  'USE_SMALL_PHI_DIFFERENCE_FOR_CES_DISTANCE': False,
  'VALIDATE_CONDITIONAL_INDEPENDENCE': True,
  'VALIDATE_SUBSYSTEM_STATES': True,
  'WELCOME_OFF': True}
2026-06-13 18:56:45,480 [pyphi.conf] INFO MainProcess: PyPhi v1.2.0
2026-06-13 18:56:45,480 [pyphi.conf] INFO MainProcess: Loaded configuration from ['/home/sophia_cardona/proyectos/projecto-analisis-20261/GeoMIP/src/Method2_Dynamic_Programming_Reformulation/pyphi_config.yml']
2026-06-13 18:56:45,481 [pyphi.conf] INFO MainProcess: Current PyPhi configuration:
 { 'ASSUME_CUTS_CANNOT_CREATE_NEW_CONCEPTS': False,
  'CACHE_POTENTIAL_PURVIEWS': True,
  'CACHE_REPERTOIRES': True,
  'CACHE_SIAS': False,
  'CACHING_BACKEND': 'fs',
  'CLEAR_SUBSYSTEM_CACHES_AFTER_COMPUTING_SIA': False,
  'CUT_ONE_APPROXIMATION': False,
  'FS_CACHE_DIRECTORY': '__pyphi_cache__',
  'FS_CACHE_VERBOSITY': 0,
  'LOG_FILE': 'pyphi.log',
  'LOG_FILE_LEVEL': 'INFO',
  'LOG_STDOUT_LEVEL': 'WARNING',
  'MAXIMUM_CACHE_MEMORY_PERCENTAGE': 50,
  'MEASURE': 'EMD',
  'MONGODB_CONFIG': { 'collection_name': 'cache',
                      'database_name': 'pyphi',
                      'host': 'localhost',
                      'port': 27017},
  'NUMBER_OF_CORES': -1,
  'PARALLEL_COMPLEX_EVALUATION': False,
  'PARALLEL_CONCEPT_EVALUATION': False,
  'PARALLEL_CUT_EVALUATION': True,
  'PARTITION_TYPE': 'BI',
  'PICK_SMALLEST_PURVIEW': False,
  'PRECISION': 6,
  'PRINT_FRACTIONS': True,
  'PROGRESS_BARS': True,
  'REDIS_CACHE': False,
  'REDIS_CONFIG': {'db': 0, 'host': 'localhost', 'port': 6379, 'test_db': 1},
  'REPR_VERBOSITY': 2,
  'SINGLE_MICRO_NODES_WITH_SELFLOOPS_HAVE_PHI': False,
  'SYSTEM_CUTS': '3.0_STYLE',
  'USE_SMALL_PHI_DIFFERENCE_FOR_CES_DISTANCE': False,
  'VALIDATE_CONDITIONAL_INDEPENDENCE': True,
  'VALIDATE_SUBSYSTEM_STATES': True,
  'WELCOME_OFF': True}
2026-06-13 19:01:39,824 [pyphi.conf] INFO MainProcess: PyPhi v1.2.0
2026-06-13 19:01:39,824 [pyphi.conf] INFO MainProcess: Loaded configuration from ['/home/sophia_cardona/proyectos/projecto-analisis-20261/GeoMIP/src/Method2_Dynamic_Programming_Reformulation/pyphi_config.yml']
2026-06-13 19:01:39,824 [pyphi.conf] INFO MainProcess: Current PyPhi configuration:
 { 'ASSUME_CUTS_CANNOT_CREATE_NEW_CONCEPTS': False,
  'CACHE_POTENTIAL_PURVIEWS': True,
  'CACHE_REPERTOIRES': True,
  'CACHE_SIAS': False,
  'CACHING_BACKEND': 'fs',
  'CLEAR_SUBSYSTEM_CACHES_AFTER_COMPUTING_SIA': False,
  'CUT_ONE_APPROXIMATION': False,
  'FS_CACHE_DIRECTORY': '__pyphi_cache__',
  'FS_CACHE_VERBOSITY': 0,
  'LOG_FILE': 'pyphi.log',
  'LOG_FILE_LEVEL': 'INFO',
  'LOG_STDOUT_LEVEL': 'WARNING',
  'MAXIMUM_CACHE_MEMORY_PERCENTAGE': 50,
  'MEASURE': 'EMD',
  'MONGODB_CONFIG': { 'collection_name': 'cache',
                      'database_name': 'pyphi',
                      'host': 'localhost',
                      'port': 27017},
  'NUMBER_OF_CORES': -1,
  'PARALLEL_COMPLEX_EVALUATION': False,
  'PARALLEL_CONCEPT_EVALUATION': False,
  'PARALLEL_CUT_EVALUATION': True,
  'PARTITION_TYPE': 'BI',
  'PICK_SMALLEST_PURVIEW': False,
  'PRECISION': 6,
  'PRINT_FRACTIONS': True,
  'PROGRESS_BARS': True,
  'REDIS_CACHE': False,
  'REDIS_CONFIG': {'db': 0, 'host': 'localhost', 'port': 6379, 'test_db': 1},
  'REPR_VERBOSITY': 2,
  'SINGLE_MICRO_NODES_WITH_SELFLOOPS_HAVE_PHI': False,
  'SYSTEM_CUTS': '3.0_STYLE',
  'USE_SMALL_PHI_DIFFERENCE_FOR_CES_DISTANCE': False,
  'VALIDATE_CONDITIONAL_INDEPENDENCE': True,
  'VALIDATE_SUBSYSTEM_STATES': True,
  'WELCOME_OFF': True}
2026-06-13 19:03:07,224 [pyphi.conf] INFO MainProcess: PyPhi v1.2.0
2026-06-13 19:03:07,224 [pyphi.conf] INFO MainProcess: Loaded configuration from ['/home/sophia_cardona/proyectos/projecto-analisis-20261/GeoMIP/src/Method2_Dynamic_Programming_Reformulation/pyphi_config.yml']
2026-06-13 19:03:07,225 [pyphi.conf] INFO MainProcess: Current PyPhi configuration:
 { 'ASSUME_CUTS_CANNOT_CREATE_NEW_CONCEPTS': False,
  'CACHE_POTENTIAL_PURVIEWS': True,
  'CACHE_REPERTOIRES': True,
  'CACHE_SIAS': False,
  'CACHING_BACKEND': 'fs',
  'CLEAR_SUBSYSTEM_CACHES_AFTER_COMPUTING_SIA': False,
  'CUT_ONE_APPROXIMATION': False,
  'FS_CACHE_DIRECTORY': '__pyphi_cache__',
  'FS_CACHE_VERBOSITY': 0,
  'LOG_FILE': 'pyphi.log',
  'LOG_FILE_LEVEL': 'INFO',
  'LOG_STDOUT_LEVEL': 'WARNING',
  'MAXIMUM_CACHE_MEMORY_PERCENTAGE': 50,
  'MEASURE': 'EMD',
  'MONGODB_CONFIG': { 'collection_name': 'cache',
                      'database_name': 'pyphi',
                      'host': 'localhost',
                      'port': 27017},
  'NUMBER_OF_CORES': -1,
  'PARALLEL_COMPLEX_EVALUATION': False,
  'PARALLEL_CONCEPT_EVALUATION': False,
  'PARALLEL_CUT_EVALUATION': True,
  'PARTITION_TYPE': 'BI',
  'PICK_SMALLEST_PURVIEW': False,
  'PRECISION': 6,
  'PRINT_FRACTIONS': True,
  'PROGRESS_BARS': True,
  'REDIS_CACHE': False,
  'REDIS_CONFIG': {'db': 0, 'host': 'localhost', 'port': 6379, 'test_db': 1},
  'REPR_VERBOSITY': 2,
  'SINGLE_MICRO_NODES_WITH_SELFLOOPS_HAVE_PHI': False,
  'SYSTEM_CUTS': '3.0_STYLE',
  'USE_SMALL_PHI_DIFFERENCE_FOR_CES_DISTANCE': False,
  'VALIDATE_CONDITIONAL_INDEPENDENCE': True,
  'VALIDATE_SUBSYSTEM_STATES': True,
  'WELCOME_OFF': True}
2026-06-13 19:14:08,081 [pyphi.conf] INFO MainProcess: PyPhi v1.2.0
2026-06-13 19:14:08,083 [pyphi.conf] INFO MainProcess: Loaded configuration from ['/home/sophia_cardona/proyectos/projecto-analisis-20261/GeoMIP/src/Method2_Dynamic_Programming_Reformulation/pyphi_config.yml']
2026-06-13 19:14:08,084 [pyphi.conf] INFO MainProcess: Current PyPhi configuration:
 { 'ASSUME_CUTS_CANNOT_CREATE_NEW_CONCEPTS': False,
  'CACHE_POTENTIAL_PURVIEWS': True,
  'CACHE_REPERTOIRES': True,
  'CACHE_SIAS': False,
  'CACHING_BACKEND': 'fs',
  'CLEAR_SUBSYSTEM_CACHES_AFTER_COMPUTING_SIA': False,
  'CUT_ONE_APPROXIMATION': False,
  'FS_CACHE_DIRECTORY': '__pyphi_cache__',
  'FS_CACHE_VERBOSITY': 0,
  'LOG_FILE': 'pyphi.log',
  'LOG_FILE_LEVEL': 'INFO',
  'LOG_STDOUT_LEVEL': 'WARNING',
  'MAXIMUM_CACHE_MEMORY_PERCENTAGE': 50,
  'MEASURE': 'EMD',
  'MONGODB_CONFIG': { 'collection_name': 'cache',
                      'database_name': 'pyphi',
                      'host': 'localhost',
                      'port': 27017},
  'NUMBER_OF_CORES': -1,
  'PARALLEL_COMPLEX_EVALUATION': False,
  'PARALLEL_CONCEPT_EVALUATION': False,
  'PARALLEL_CUT_EVALUATION': True,
  'PARTITION_TYPE': 'BI',
  'PICK_SMALLEST_PURVIEW': False,
  'PRECISION': 6,
  'PRINT_FRACTIONS': True,
  'PROGRESS_BARS': True,
  'REDIS_CACHE': False,
  'REDIS_CONFIG': {'db': 0, 'host': 'localhost', 'port': 6379, 'test_db': 1},
  'REPR_VERBOSITY': 2,
  'SINGLE_MICRO_NODES_WITH_SELFLOOPS_HAVE_PHI': False,
  'SYSTEM_CUTS': '3.0_STYLE',
  'USE_SMALL_PHI_DIFFERENCE_FOR_CES_DISTANCE': False,
  'VALIDATE_CONDITIONAL_INDEPENDENCE': True,
  'VALIDATE_SUBSYSTEM_STATES': True,
  'WELCOME_OFF': True}
2026-06-13 20:17:13,357 [pyphi.conf] INFO MainProcess: PyPhi v1.2.0
2026-06-13 20:17:13,358 [pyphi.conf] INFO MainProcess: Loaded configuration from ['/home/sophia_cardona/proyectos/projecto-analisis-20261/GeoMIP/src/Method2_Dynamic_Programming_Reformulation/pyphi_config.yml']
2026-06-13 20:17:13,359 [pyphi.conf] INFO MainProcess: Current PyPhi configuration:
 { 'ASSUME_CUTS_CANNOT_CREATE_NEW_CONCEPTS': False,
  'CACHE_POTENTIAL_PURVIEWS': True,
  'CACHE_REPERTOIRES': True,
  'CACHE_SIAS': False,
  'CACHING_BACKEND': 'fs',
  'CLEAR_SUBSYSTEM_CACHES_AFTER_COMPUTING_SIA': False,
  'CUT_ONE_APPROXIMATION': False,
  'FS_CACHE_DIRECTORY': '__pyphi_cache__',
  'FS_CACHE_VERBOSITY': 0,
  'LOG_FILE': 'pyphi.log',
  'LOG_FILE_LEVEL': 'INFO',
  'LOG_STDOUT_LEVEL': 'WARNING',
  'MAXIMUM_CACHE_MEMORY_PERCENTAGE': 50,
  'MEASURE': 'EMD',
  'MONGODB_CONFIG': { 'collection_name': 'cache',
                      'database_name': 'pyphi',
                      'host': 'localhost',
                      'port': 27017},
  'NUMBER_OF_CORES': -1,
  'PARALLEL_COMPLEX_EVALUATION': False,
  'PARALLEL_CONCEPT_EVALUATION': False,
  'PARALLEL_CUT_EVALUATION': True,
  'PARTITION_TYPE': 'BI',
  'PICK_SMALLEST_PURVIEW': False,
  'PRECISION': 6,
  'PRINT_FRACTIONS': True,
  'PROGRESS_BARS': True,
  'REDIS_CACHE': False,
  'REDIS_CONFIG': {'db': 0, 'host': 'localhost', 'port': 6379, 'test_db': 1},
  'REPR_VERBOSITY': 2,
  'SINGLE_MICRO_NODES_WITH_SELFLOOPS_HAVE_PHI': False,
  'SYSTEM_CUTS': '3.0_STYLE',
  'USE_SMALL_PHI_DIFFERENCE_FOR_CES_DISTANCE': False,
  'VALIDATE_CONDITIONAL_INDEPENDENCE': True,
  'VALIDATE_SUBSYSTEM_STATES': True,
  'WELCOME_OFF': True}
2026-06-13 20:24:31,894 [pyphi.conf] INFO MainProcess: PyPhi v1.2.0
2026-06-13 20:24:31,895 [pyphi.conf] INFO MainProcess: Loaded configuration from ['/home/sophia_cardona/proyectos/projecto-analisis-20261/GeoMIP/src/Method2_Dynamic_Programming_Reformulation/pyphi_config.yml']
2026-06-13 20:24:31,895 [pyphi.conf] INFO MainProcess: Current PyPhi configuration:
 { 'ASSUME_CUTS_CANNOT_CREATE_NEW_CONCEPTS': False,
  'CACHE_POTENTIAL_PURVIEWS': True,
  'CACHE_REPERTOIRES': True,
  'CACHE_SIAS': False,
  'CACHING_BACKEND': 'fs',
  'CLEAR_SUBSYSTEM_CACHES_AFTER_COMPUTING_SIA': False,
  'CUT_ONE_APPROXIMATION': False,
  'FS_CACHE_DIRECTORY': '__pyphi_cache__',
  'FS_CACHE_VERBOSITY': 0,
  'LOG_FILE': 'pyphi.log',
  'LOG_FILE_LEVEL': 'INFO',
  'LOG_STDOUT_LEVEL': 'WARNING',
  'MAXIMUM_CACHE_MEMORY_PERCENTAGE': 50,
  'MEASURE': 'EMD',
  'MONGODB_CONFIG': { 'collection_name': 'cache',
                      'database_name': 'pyphi',
                      'host': 'localhost',
                      'port': 27017},
  'NUMBER_OF_CORES': -1,
  'PARALLEL_COMPLEX_EVALUATION': False,
  'PARALLEL_CONCEPT_EVALUATION': False,
  'PARALLEL_CUT_EVALUATION': True,
  'PARTITION_TYPE': 'BI',
  'PICK_SMALLEST_PURVIEW': False,
  'PRECISION': 6,
  'PRINT_FRACTIONS': True,
  'PROGRESS_BARS': True,
  'REDIS_CACHE': False,
  'REDIS_CONFIG': {'db': 0, 'host': 'localhost', 'port': 6379, 'test_db': 1},
  'REPR_VERBOSITY': 2,
  'SINGLE_MICRO_NODES_WITH_SELFLOOPS_HAVE_PHI': False,
  'SYSTEM_CUTS': '3.0_STYLE',
  'USE_SMALL_PHI_DIFFERENCE_FOR_CES_DISTANCE': False,
  'VALIDATE_CONDITIONAL_INDEPENDENCE': True,
  'VALIDATE_SUBSYSTEM_STATES': True,
  'WELCOME_OFF': True}
2026-06-13 20:26:56,719 [pyphi.conf] INFO MainProcess: PyPhi v1.2.0
2026-06-13 20:26:56,720 [pyphi.conf] INFO MainProcess: Loaded configuration from ['/home/sophia_cardona/proyectos/projecto-analisis-20261/GeoMIP/src/Method2_Dynamic_Programming_Reformulation/pyphi_config.yml']
2026-06-13 20:26:56,720 [pyphi.conf] INFO MainProcess: Current PyPhi configuration:
 { 'ASSUME_CUTS_CANNOT_CREATE_NEW_CONCEPTS': False,
  'CACHE_POTENTIAL_PURVIEWS': True,
  'CACHE_REPERTOIRES': True,
  'CACHE_SIAS': False,
  'CACHING_BACKEND': 'fs',
  'CLEAR_SUBSYSTEM_CACHES_AFTER_COMPUTING_SIA': False,
  'CUT_ONE_APPROXIMATION': False,
  'FS_CACHE_DIRECTORY': '__pyphi_cache__',
  'FS_CACHE_VERBOSITY': 0,
  'LOG_FILE': 'pyphi.log',
  'LOG_FILE_LEVEL': 'INFO',
  'LOG_STDOUT_LEVEL': 'WARNING',
  'MAXIMUM_CACHE_MEMORY_PERCENTAGE': 50,
  'MEASURE': 'EMD',
  'MONGODB_CONFIG': { 'collection_name': 'cache',
                      'database_name': 'pyphi',
                      'host': 'localhost',
                      'port': 27017},
  'NUMBER_OF_CORES': -1,
  'PARALLEL_COMPLEX_EVALUATION': False,
  'PARALLEL_CONCEPT_EVALUATION': False,
  'PARALLEL_CUT_EVALUATION': True,
  'PARTITION_TYPE': 'BI',
  'PICK_SMALLEST_PURVIEW': False,
  'PRECISION': 6,
  'PRINT_FRACTIONS': True,
  'PROGRESS_BARS': True,
  'REDIS_CACHE': False,
  'REDIS_CONFIG': {'db': 0, 'host': 'localhost', 'port': 6379, 'test_db': 1},
  'REPR_VERBOSITY': 2,
  'SINGLE_MICRO_NODES_WITH_SELFLOOPS_HAVE_PHI': False,
  'SYSTEM_CUTS': '3.0_STYLE',
  'USE_SMALL_PHI_DIFFERENCE_FOR_CES_DISTANCE': False,
  'VALIDATE_CONDITIONAL_INDEPENDENCE': True,
  'VALIDATE_SUBSYSTEM_STATES': True,
  'WELCOME_OFF': True}
2026-06-13 20:27:45,897 [pyphi.conf] INFO MainProcess: PyPhi v1.2.0
2026-06-13 20:27:45,898 [pyphi.conf] INFO MainProcess: Loaded configuration from ['/home/sophia_cardona/proyectos/projecto-analisis-20261/GeoMIP/src/Method2_Dynamic_Programming_Reformulation/pyphi_config.yml']
2026-06-13 20:27:45,898 [pyphi.conf] INFO MainProcess: Current PyPhi configuration:
 { 'ASSUME_CUTS_CANNOT_CREATE_NEW_CONCEPTS': False,
  'CACHE_POTENTIAL_PURVIEWS': True,
  'CACHE_REPERTOIRES': True,
  'CACHE_SIAS': False,
  'CACHING_BACKEND': 'fs',
  'CLEAR_SUBSYSTEM_CACHES_AFTER_COMPUTING_SIA': False,
  'CUT_ONE_APPROXIMATION': False,
  'FS_CACHE_DIRECTORY': '__pyphi_cache__',
  'FS_CACHE_VERBOSITY': 0,
  'LOG_FILE': 'pyphi.log',
  'LOG_FILE_LEVEL': 'INFO',
  'LOG_STDOUT_LEVEL': 'WARNING',
  'MAXIMUM_CACHE_MEMORY_PERCENTAGE': 50,
  'MEASURE': 'EMD',
  'MONGODB_CONFIG': { 'collection_name': 'cache',
                      'database_name': 'pyphi',
                      'host': 'localhost',
                      'port': 27017},
  'NUMBER_OF_CORES': -1,
  'PARALLEL_COMPLEX_EVALUATION': False,
  'PARALLEL_CONCEPT_EVALUATION': False,
  'PARALLEL_CUT_EVALUATION': True,
  'PARTITION_TYPE': 'BI',
  'PICK_SMALLEST_PURVIEW': False,
  'PRECISION': 6,
  'PRINT_FRACTIONS': True,
  'PROGRESS_BARS': True,
  'REDIS_CACHE': False,
  'REDIS_CONFIG': {'db': 0, 'host': 'localhost', 'port': 6379, 'test_db': 1},
  'REPR_VERBOSITY': 2,
  'SINGLE_MICRO_NODES_WITH_SELFLOOPS_HAVE_PHI': False,
  'SYSTEM_CUTS': '3.0_STYLE',
  'USE_SMALL_PHI_DIFFERENCE_FOR_CES_DISTANCE': False,
  'VALIDATE_CONDITIONAL_INDEPENDENCE': True,
  'VALIDATE_SUBSYSTEM_STATES': True,
  'WELCOME_OFF': True}
2026-06-13 20:33:45,917 [pyphi.conf] INFO MainProcess: PyPhi v1.2.0
2026-06-13 20:33:45,918 [pyphi.conf] INFO MainProcess: Loaded configuration from ['/home/sophia_cardona/proyectos/projecto-analisis-20261/GeoMIP/src/Method2_Dynamic_Programming_Reformulation/pyphi_config.yml']
2026-06-13 20:33:45,918 [pyphi.conf] INFO MainProcess: Current PyPhi configuration:
 { 'ASSUME_CUTS_CANNOT_CREATE_NEW_CONCEPTS': False,
  'CACHE_POTENTIAL_PURVIEWS': True,
  'CACHE_REPERTOIRES': True,
  'CACHE_SIAS': False,
  'CACHING_BACKEND': 'fs',
  'CLEAR_SUBSYSTEM_CACHES_AFTER_COMPUTING_SIA': False,
  'CUT_ONE_APPROXIMATION': False,
  'FS_CACHE_DIRECTORY': '__pyphi_cache__',
  'FS_CACHE_VERBOSITY': 0,
  'LOG_FILE': 'pyphi.log',
  'LOG_FILE_LEVEL': 'INFO',
  'LOG_STDOUT_LEVEL': 'WARNING',
  'MAXIMUM_CACHE_MEMORY_PERCENTAGE': 50,
  'MEASURE': 'EMD',
  'MONGODB_CONFIG': { 'collection_name': 'cache',
                      'database_name': 'pyphi',
                      'host': 'localhost',
                      'port': 27017},
  'NUMBER_OF_CORES': -1,
  'PARALLEL_COMPLEX_EVALUATION': False,
  'PARALLEL_CONCEPT_EVALUATION': False,
  'PARALLEL_CUT_EVALUATION': True,
  'PARTITION_TYPE': 'BI',
  'PICK_SMALLEST_PURVIEW': False,
  'PRECISION': 6,
  'PRINT_FRACTIONS': True,
  'PROGRESS_BARS': True,
  'REDIS_CACHE': False,
  'REDIS_CONFIG': {'db': 0, 'host': 'localhost', 'port': 6379, 'test_db': 1},
  'REPR_VERBOSITY': 2,
  'SINGLE_MICRO_NODES_WITH_SELFLOOPS_HAVE_PHI': False,
  'SYSTEM_CUTS': '3.0_STYLE',
  'USE_SMALL_PHI_DIFFERENCE_FOR_CES_DISTANCE': False,
  'VALIDATE_CONDITIONAL_INDEPENDENCE': True,
  'VALIDATE_SUBSYSTEM_STATES': True,
  'WELCOME_OFF': True}
2026-06-13 20:35:34,869 [pyphi.conf] INFO MainProcess: PyPhi v1.2.0
2026-06-13 20:35:34,869 [pyphi.conf] INFO MainProcess: Loaded configuration from ['/home/sophia_cardona/proyectos/projecto-analisis-20261/GeoMIP/src/Method2_Dynamic_Programming_Reformulation/pyphi_config.yml']
2026-06-13 20:35:34,869 [pyphi.conf] INFO MainProcess: Current PyPhi configuration:
 { 'ASSUME_CUTS_CANNOT_CREATE_NEW_CONCEPTS': False,
  'CACHE_POTENTIAL_PURVIEWS': True,
  'CACHE_REPERTOIRES': True,
  'CACHE_SIAS': False,
  'CACHING_BACKEND': 'fs',
  'CLEAR_SUBSYSTEM_CACHES_AFTER_COMPUTING_SIA': False,
  'CUT_ONE_APPROXIMATION': False,
  'FS_CACHE_DIRECTORY': '__pyphi_cache__',
  'FS_CACHE_VERBOSITY': 0,
  'LOG_FILE': 'pyphi.log',
  'LOG_FILE_LEVEL': 'INFO',
  'LOG_STDOUT_LEVEL': 'WARNING',
  'MAXIMUM_CACHE_MEMORY_PERCENTAGE': 50,
  'MEASURE': 'EMD',
  'MONGODB_CONFIG': { 'collection_name': 'cache',
                      'database_name': 'pyphi',
                      'host': 'localhost',
                      'port': 27017},
  'NUMBER_OF_CORES': -1,
  'PARALLEL_COMPLEX_EVALUATION': False,
  'PARALLEL_CONCEPT_EVALUATION': False,
  'PARALLEL_CUT_EVALUATION': True,
  'PARTITION_TYPE': 'BI',
  'PICK_SMALLEST_PURVIEW': False,
  'PRECISION': 6,
  'PRINT_FRACTIONS': True,
  'PROGRESS_BARS': True,
  'REDIS_CACHE': False,
  'REDIS_CONFIG': {'db': 0, 'host': 'localhost', 'port': 6379, 'test_db': 1},
  'REPR_VERBOSITY': 2,
  'SINGLE_MICRO_NODES_WITH_SELFLOOPS_HAVE_PHI': False,
  'SYSTEM_CUTS': '3.0_STYLE',
  'USE_SMALL_PHI_DIFFERENCE_FOR_CES_DISTANCE': False,
  'VALIDATE_CONDITIONAL_INDEPENDENCE': True,
  'VALIDATE_SUBSYSTEM_STATES': True,
  'WELCOME_OFF': True}
2026-06-13 20:37:32,119 [pyphi.conf] INFO MainProcess: PyPhi v1.2.0
2026-06-13 20:37:32,119 [pyphi.conf] INFO MainProcess: Loaded configuration from ['/home/sophia_cardona/proyectos/projecto-analisis-20261/GeoMIP/src/Method2_Dynamic_Programming_Reformulation/pyphi_config.yml']
2026-06-13 20:37:32,119 [pyphi.conf] INFO MainProcess: Current PyPhi configuration:
 { 'ASSUME_CUTS_CANNOT_CREATE_NEW_CONCEPTS': False,
  'CACHE_POTENTIAL_PURVIEWS': True,
  'CACHE_REPERTOIRES': True,
  'CACHE_SIAS': False,
  'CACHING_BACKEND': 'fs',
  'CLEAR_SUBSYSTEM_CACHES_AFTER_COMPUTING_SIA': False,
  'CUT_ONE_APPROXIMATION': False,
  'FS_CACHE_DIRECTORY': '__pyphi_cache__',
  'FS_CACHE_VERBOSITY': 0,
  'LOG_FILE': 'pyphi.log',
  'LOG_FILE_LEVEL': 'INFO',
  'LOG_STDOUT_LEVEL': 'WARNING',
  'MAXIMUM_CACHE_MEMORY_PERCENTAGE': 50,
  'MEASURE': 'EMD',
  'MONGODB_CONFIG': { 'collection_name': 'cache',
                      'database_name': 'pyphi',
                      'host': 'localhost',
                      'port': 27017},
  'NUMBER_OF_CORES': -1,
  'PARALLEL_COMPLEX_EVALUATION': False,
  'PARALLEL_CONCEPT_EVALUATION': False,
  'PARALLEL_CUT_EVALUATION': True,
  'PARTITION_TYPE': 'BI',
  'PICK_SMALLEST_PURVIEW': False,
  'PRECISION': 6,
  'PRINT_FRACTIONS': True,
  'PROGRESS_BARS': True,
  'REDIS_CACHE': False,
  'REDIS_CONFIG': {'db': 0, 'host': 'localhost', 'port': 6379, 'test_db': 1},
  'REPR_VERBOSITY': 2,
  'SINGLE_MICRO_NODES_WITH_SELFLOOPS_HAVE_PHI': False,
  'SYSTEM_CUTS': '3.0_STYLE',
  'USE_SMALL_PHI_DIFFERENCE_FOR_CES_DISTANCE': False,
  'VALIDATE_CONDITIONAL_INDEPENDENCE': True,
  'VALIDATE_SUBSYSTEM_STATES': True,
  'WELCOME_OFF': True}
2026-06-13 20:39:23,494 [pyphi.conf] INFO MainProcess: PyPhi v1.2.0
2026-06-13 20:39:23,494 [pyphi.conf] INFO MainProcess: Loaded configuration from ['/home/sophia_cardona/proyectos/projecto-analisis-20261/GeoMIP/src/Method2_Dynamic_Programming_Reformulation/pyphi_config.yml']
2026-06-13 20:39:23,494 [pyphi.conf] INFO MainProcess: Current PyPhi configuration:
 { 'ASSUME_CUTS_CANNOT_CREATE_NEW_CONCEPTS': False,
  'CACHE_POTENTIAL_PURVIEWS': True,
  'CACHE_REPERTOIRES': True,
  'CACHE_SIAS': False,
  'CACHING_BACKEND': 'fs',
  'CLEAR_SUBSYSTEM_CACHES_AFTER_COMPUTING_SIA': False,
  'CUT_ONE_APPROXIMATION': False,
  'FS_CACHE_DIRECTORY': '__pyphi_cache__',
  'FS_CACHE_VERBOSITY': 0,
  'LOG_FILE': 'pyphi.log',
  'LOG_FILE_LEVEL': 'INFO',
  'LOG_STDOUT_LEVEL': 'WARNING',
  'MAXIMUM_CACHE_MEMORY_PERCENTAGE': 50,
  'MEASURE': 'EMD',
  'MONGODB_CONFIG': { 'collection_name': 'cache',
                      'database_name': 'pyphi',
                      'host': 'localhost',
                      'port': 27017},
  'NUMBER_OF_CORES': -1,
  'PARALLEL_COMPLEX_EVALUATION': False,
  'PARALLEL_CONCEPT_EVALUATION': False,
  'PARALLEL_CUT_EVALUATION': True,
  'PARTITION_TYPE': 'BI',
  'PICK_SMALLEST_PURVIEW': False,
  'PRECISION': 6,
  'PRINT_FRACTIONS': True,
  'PROGRESS_BARS': True,
  'REDIS_CACHE': False,
  'REDIS_CONFIG': {'db': 0, 'host': 'localhost', 'port': 6379, 'test_db': 1},
  'REPR_VERBOSITY': 2,
  'SINGLE_MICRO_NODES_WITH_SELFLOOPS_HAVE_PHI': False,
  'SYSTEM_CUTS': '3.0_STYLE',
  'USE_SMALL_PHI_DIFFERENCE_FOR_CES_DISTANCE': False,
  'VALIDATE_CONDITIONAL_INDEPENDENCE': True,
  'VALIDATE_SUBSYSTEM_STATES': True,
  'WELCOME_OFF': True}
2026-06-13 20:40:07,793 [pyphi.conf] INFO MainProcess: PyPhi v1.2.0
2026-06-13 20:40:07,793 [pyphi.conf] INFO MainProcess: Loaded configuration from ['/home/sophia_cardona/proyectos/projecto-analisis-20261/GeoMIP/src/Method2_Dynamic_Programming_Reformulation/pyphi_config.yml']
2026-06-13 20:40:07,794 [pyphi.conf] INFO MainProcess: Current PyPhi configuration:
 { 'ASSUME_CUTS_CANNOT_CREATE_NEW_CONCEPTS': False,
  'CACHE_POTENTIAL_PURVIEWS': True,
  'CACHE_REPERTOIRES': True,
  'CACHE_SIAS': False,
  'CACHING_BACKEND': 'fs',
  'CLEAR_SUBSYSTEM_CACHES_AFTER_COMPUTING_SIA': False,
  'CUT_ONE_APPROXIMATION': False,
  'FS_CACHE_DIRECTORY': '__pyphi_cache__',
  'FS_CACHE_VERBOSITY': 0,
  'LOG_FILE': 'pyphi.log',
  'LOG_FILE_LEVEL': 'INFO',
  'LOG_STDOUT_LEVEL': 'WARNING',
  'MAXIMUM_CACHE_MEMORY_PERCENTAGE': 50,
  'MEASURE': 'EMD',
  'MONGODB_CONFIG': { 'collection_name': 'cache',
                      'database_name': 'pyphi',
                      'host': 'localhost',
                      'port': 27017},
  'NUMBER_OF_CORES': -1,
  'PARALLEL_COMPLEX_EVALUATION': False,
  'PARALLEL_CONCEPT_EVALUATION': False,
  'PARALLEL_CUT_EVALUATION': True,
  'PARTITION_TYPE': 'BI',
  'PICK_SMALLEST_PURVIEW': False,
  'PRECISION': 6,
  'PRINT_FRACTIONS': True,
  'PROGRESS_BARS': True,
  'REDIS_CACHE': False,
  'REDIS_CONFIG': {'db': 0, 'host': 'localhost', 'port': 6379, 'test_db': 1},
  'REPR_VERBOSITY': 2,
  'SINGLE_MICRO_NODES_WITH_SELFLOOPS_HAVE_PHI': False,
  'SYSTEM_CUTS': '3.0_STYLE',
  'USE_SMALL_PHI_DIFFERENCE_FOR_CES_DISTANCE': False,
  'VALIDATE_CONDITIONAL_INDEPENDENCE': True,
  'VALIDATE_SUBSYSTEM_STATES': True,
  'WELCOME_OFF': True}
2026-06-13 20:42:03,545 [pyphi.conf] INFO MainProcess: PyPhi v1.2.0
2026-06-13 20:42:03,546 [pyphi.conf] INFO MainProcess: Loaded configuration from ['/home/sophia_cardona/proyectos/projecto-analisis-20261/GeoMIP/src/Method2_Dynamic_Programming_Reformulation/pyphi_config.yml']
2026-06-13 20:42:03,546 [pyphi.conf] INFO MainProcess: Current PyPhi configuration:
 { 'ASSUME_CUTS_CANNOT_CREATE_NEW_CONCEPTS': False,
  'CACHE_POTENTIAL_PURVIEWS': True,
  'CACHE_REPERTOIRES': True,
  'CACHE_SIAS': False,
  'CACHING_BACKEND': 'fs',
  'CLEAR_SUBSYSTEM_CACHES_AFTER_COMPUTING_SIA': False,
  'CUT_ONE_APPROXIMATION': False,
  'FS_CACHE_DIRECTORY': '__pyphi_cache__',
  'FS_CACHE_VERBOSITY': 0,
  'LOG_FILE': 'pyphi.log',
  'LOG_FILE_LEVEL': 'INFO',
  'LOG_STDOUT_LEVEL': 'WARNING',
  'MAXIMUM_CACHE_MEMORY_PERCENTAGE': 50,
  'MEASURE': 'EMD',
  'MONGODB_CONFIG': { 'collection_name': 'cache',
                      'database_name': 'pyphi',
                      'host': 'localhost',
                      'port': 27017},
  'NUMBER_OF_CORES': -1,
  'PARALLEL_COMPLEX_EVALUATION': False,
  'PARALLEL_CONCEPT_EVALUATION': False,
  'PARALLEL_CUT_EVALUATION': True,
  'PARTITION_TYPE': 'BI',
  'PICK_SMALLEST_PURVIEW': False,
  'PRECISION': 6,
  'PRINT_FRACTIONS': True,
  'PROGRESS_BARS': True,
  'REDIS_CACHE': False,
  'REDIS_CONFIG': {'db': 0, 'host': 'localhost', 'port': 6379, 'test_db': 1},
  'REPR_VERBOSITY': 2,
  'SINGLE_MICRO_NODES_WITH_SELFLOOPS_HAVE_PHI': False,
  'SYSTEM_CUTS': '3.0_STYLE',
  'USE_SMALL_PHI_DIFFERENCE_FOR_CES_DISTANCE': False,
  'VALIDATE_CONDITIONAL_INDEPENDENCE': True,
  'VALIDATE_SUBSYSTEM_STATES': True,
  'WELCOME_OFF': True}
2026-06-13 20:45:29,674 [pyphi.conf] INFO MainProcess: PyPhi v1.2.0
2026-06-13 20:45:29,674 [pyphi.conf] INFO MainProcess: Loaded configuration from ['/home/sophia_cardona/proyectos/projecto-analisis-20261/GeoMIP/src/Method2_Dynamic_Programming_Reformulation/pyphi_config.yml']
2026-06-13 20:45:29,675 [pyphi.conf] INFO MainProcess: Current PyPhi configuration:
 { 'ASSUME_CUTS_CANNOT_CREATE_NEW_CONCEPTS': False,
  'CACHE_POTENTIAL_PURVIEWS': True,
  'CACHE_REPERTOIRES': True,
  'CACHE_SIAS': False,
  'CACHING_BACKEND': 'fs',
  'CLEAR_SUBSYSTEM_CACHES_AFTER_COMPUTING_SIA': False,
  'CUT_ONE_APPROXIMATION': False,
  'FS_CACHE_DIRECTORY': '__pyphi_cache__',
  'FS_CACHE_VERBOSITY': 0,
  'LOG_FILE': 'pyphi.log',
  'LOG_FILE_LEVEL': 'INFO',
  'LOG_STDOUT_LEVEL': 'WARNING',
  'MAXIMUM_CACHE_MEMORY_PERCENTAGE': 50,
  'MEASURE': 'EMD',
  'MONGODB_CONFIG': { 'collection_name': 'cache',
                      'database_name': 'pyphi',
                      'host': 'localhost',
                      'port': 27017},
  'NUMBER_OF_CORES': -1,
  'PARALLEL_COMPLEX_EVALUATION': False,
  'PARALLEL_CONCEPT_EVALUATION': False,
  'PARALLEL_CUT_EVALUATION': True,
  'PARTITION_TYPE': 'BI',
  'PICK_SMALLEST_PURVIEW': False,
  'PRECISION': 6,
  'PRINT_FRACTIONS': True,
  'PROGRESS_BARS': True,
  'REDIS_CACHE': False,
  'REDIS_CONFIG': {'db': 0, 'host': 'localhost', 'port': 6379, 'test_db': 1},
  'REPR_VERBOSITY': 2,
  'SINGLE_MICRO_NODES_WITH_SELFLOOPS_HAVE_PHI': False,
  'SYSTEM_CUTS': '3.0_STYLE',
  'USE_SMALL_PHI_DIFFERENCE_FOR_CES_DISTANCE': False,
  'VALIDATE_CONDITIONAL_INDEPENDENCE': True,
  'VALIDATE_SUBSYSTEM_STATES': True,
  'WELCOME_OFF': True}
2026-06-13 20:49:50,293 [pyphi.conf] INFO MainProcess: PyPhi v1.2.0
2026-06-13 20:49:50,293 [pyphi.conf] INFO MainProcess: Loaded configuration from ['/home/sophia_cardona/proyectos/projecto-analisis-20261/GeoMIP/src/Method2_Dynamic_Programming_Reformulation/pyphi_config.yml']
2026-06-13 20:49:50,294 [pyphi.conf] INFO MainProcess: Current PyPhi configuration:
 { 'ASSUME_CUTS_CANNOT_CREATE_NEW_CONCEPTS': False,
  'CACHE_POTENTIAL_PURVIEWS': True,
  'CACHE_REPERTOIRES': True,
  'CACHE_SIAS': False,
  'CACHING_BACKEND': 'fs',
  'CLEAR_SUBSYSTEM_CACHES_AFTER_COMPUTING_SIA': False,
  'CUT_ONE_APPROXIMATION': False,
  'FS_CACHE_DIRECTORY': '__pyphi_cache__',
  'FS_CACHE_VERBOSITY': 0,
  'LOG_FILE': 'pyphi.log',
  'LOG_FILE_LEVEL': 'INFO',
  'LOG_STDOUT_LEVEL': 'WARNING',
  'MAXIMUM_CACHE_MEMORY_PERCENTAGE': 50,
  'MEASURE': 'EMD',
  'MONGODB_CONFIG': { 'collection_name': 'cache',
                      'database_name': 'pyphi',
                      'host': 'localhost',
                      'port': 27017},
  'NUMBER_OF_CORES': -1,
  'PARALLEL_COMPLEX_EVALUATION': False,
  'PARALLEL_CONCEPT_EVALUATION': False,
  'PARALLEL_CUT_EVALUATION': True,
  'PARTITION_TYPE': 'BI',
  'PICK_SMALLEST_PURVIEW': False,
  'PRECISION': 6,
  'PRINT_FRACTIONS': True,
  'PROGRESS_BARS': True,
  'REDIS_CACHE': False,
  'REDIS_CONFIG': {'db': 0, 'host': 'localhost', 'port': 6379, 'test_db': 1},
  'REPR_VERBOSITY': 2,
  'SINGLE_MICRO_NODES_WITH_SELFLOOPS_HAVE_PHI': False,
  'SYSTEM_CUTS': '3.0_STYLE',
  'USE_SMALL_PHI_DIFFERENCE_FOR_CES_DISTANCE': False,
  'VALIDATE_CONDITIONAL_INDEPENDENCE': True,
  'VALIDATE_SUBSYSTEM_STATES': True,
  'WELCOME_OFF': True}
2026-06-13 20:50:51,569 [pyphi.conf] INFO MainProcess: PyPhi v1.2.0
2026-06-13 20:50:51,569 [pyphi.conf] INFO MainProcess: Loaded configuration from ['/home/sophia_cardona/proyectos/projecto-analisis-20261/GeoMIP/src/Method2_Dynamic_Programming_Reformulation/pyphi_config.yml']
2026-06-13 20:50:51,569 [pyphi.conf] INFO MainProcess: Current PyPhi configuration:
 { 'ASSUME_CUTS_CANNOT_CREATE_NEW_CONCEPTS': False,
  'CACHE_POTENTIAL_PURVIEWS': True,
  'CACHE_REPERTOIRES': True,
  'CACHE_SIAS': False,
  'CACHING_BACKEND': 'fs',
  'CLEAR_SUBSYSTEM_CACHES_AFTER_COMPUTING_SIA': False,
  'CUT_ONE_APPROXIMATION': False,
  'FS_CACHE_DIRECTORY': '__pyphi_cache__',
  'FS_CACHE_VERBOSITY': 0,
  'LOG_FILE': 'pyphi.log',
  'LOG_FILE_LEVEL': 'INFO',
  'LOG_STDOUT_LEVEL': 'WARNING',
  'MAXIMUM_CACHE_MEMORY_PERCENTAGE': 50,
  'MEASURE': 'EMD',
  'MONGODB_CONFIG': { 'collection_name': 'cache',
                      'database_name': 'pyphi',
                      'host': 'localhost',
                      'port': 27017},
  'NUMBER_OF_CORES': -1,
  'PARALLEL_COMPLEX_EVALUATION': False,
  'PARALLEL_CONCEPT_EVALUATION': False,
  'PARALLEL_CUT_EVALUATION': True,
  'PARTITION_TYPE': 'BI',
  'PICK_SMALLEST_PURVIEW': False,
  'PRECISION': 6,
  'PRINT_FRACTIONS': True,
  'PROGRESS_BARS': True,
  'REDIS_CACHE': False,
  'REDIS_CONFIG': {'db': 0, 'host': 'localhost', 'port': 6379, 'test_db': 1},
  'REPR_VERBOSITY': 2,
  'SINGLE_MICRO_NODES_WITH_SELFLOOPS_HAVE_PHI': False,
  'SYSTEM_CUTS': '3.0_STYLE',
  'USE_SMALL_PHI_DIFFERENCE_FOR_CES_DISTANCE': False,
  'VALIDATE_CONDITIONAL_INDEPENDENCE': True,
  'VALIDATE_SUBSYSTEM_STATES': True,
  'WELCOME_OFF': True}
2026-06-13 20:52:10,888 [pyphi.conf] INFO MainProcess: PyPhi v1.2.0
2026-06-13 20:52:10,888 [pyphi.conf] INFO MainProcess: Loaded configuration from ['/home/sophia_cardona/proyectos/projecto-analisis-20261/GeoMIP/src/Method2_Dynamic_Programming_Reformulation/pyphi_config.yml']
2026-06-13 20:52:10,889 [pyphi.conf] INFO MainProcess: Current PyPhi configuration:
 { 'ASSUME_CUTS_CANNOT_CREATE_NEW_CONCEPTS': False,
  'CACHE_POTENTIAL_PURVIEWS': True,
  'CACHE_REPERTOIRES': True,
  'CACHE_SIAS': False,
  'CACHING_BACKEND': 'fs',
  'CLEAR_SUBSYSTEM_CACHES_AFTER_COMPUTING_SIA': False,
  'CUT_ONE_APPROXIMATION': False,
  'FS_CACHE_DIRECTORY': '__pyphi_cache__',
  'FS_CACHE_VERBOSITY': 0,
  'LOG_FILE': 'pyphi.log',
  'LOG_FILE_LEVEL': 'INFO',
  'LOG_STDOUT_LEVEL': 'WARNING',
  'MAXIMUM_CACHE_MEMORY_PERCENTAGE': 50,
  'MEASURE': 'EMD',
  'MONGODB_CONFIG': { 'collection_name': 'cache',
                      'database_name': 'pyphi',
                      'host': 'localhost',
                      'port': 27017},
  'NUMBER_OF_CORES': -1,
  'PARALLEL_COMPLEX_EVALUATION': False,
  'PARALLEL_CONCEPT_EVALUATION': False,
  'PARALLEL_CUT_EVALUATION': True,
  'PARTITION_TYPE': 'BI',
  'PICK_SMALLEST_PURVIEW': False,
  'PRECISION': 6,
  'PRINT_FRACTIONS': True,
  'PROGRESS_BARS': True,
  'REDIS_CACHE': False,
  'REDIS_CONFIG': {'db': 0, 'host': 'localhost', 'port': 6379, 'test_db': 1},
  'REPR_VERBOSITY': 2,
  'SINGLE_MICRO_NODES_WITH_SELFLOOPS_HAVE_PHI': False,
  'SYSTEM_CUTS': '3.0_STYLE',
  'USE_SMALL_PHI_DIFFERENCE_FOR_CES_DISTANCE': False,
  'VALIDATE_CONDITIONAL_INDEPENDENCE': True,
  'VALIDATE_SUBSYSTEM_STATES': True,
  'WELCOME_OFF': True}
2026-06-13 20:57:18,625 [pyphi.conf] INFO MainProcess: PyPhi v1.2.0
2026-06-13 20:57:18,625 [pyphi.conf] INFO MainProcess: Loaded configuration from ['/home/sophia_cardona/proyectos/projecto-analisis-20261/GeoMIP/src/Method2_Dynamic_Programming_Reformulation/pyphi_config.yml']
2026-06-13 20:57:18,626 [pyphi.conf] INFO MainProcess: Current PyPhi configuration:
 { 'ASSUME_CUTS_CANNOT_CREATE_NEW_CONCEPTS': False,
  'CACHE_POTENTIAL_PURVIEWS': True,
  'CACHE_REPERTOIRES': True,
  'CACHE_SIAS': False,
  'CACHING_BACKEND': 'fs',
  'CLEAR_SUBSYSTEM_CACHES_AFTER_COMPUTING_SIA': False,
  'CUT_ONE_APPROXIMATION': False,
  'FS_CACHE_DIRECTORY': '__pyphi_cache__',
  'FS_CACHE_VERBOSITY': 0,
  'LOG_FILE': 'pyphi.log',
  'LOG_FILE_LEVEL': 'INFO',
  'LOG_STDOUT_LEVEL': 'WARNING',
  'MAXIMUM_CACHE_MEMORY_PERCENTAGE': 50,
  'MEASURE': 'EMD',
  'MONGODB_CONFIG': { 'collection_name': 'cache',
                      'database_name': 'pyphi',
                      'host': 'localhost',
                      'port': 27017},
  'NUMBER_OF_CORES': -1,
  'PARALLEL_COMPLEX_EVALUATION': False,
  'PARALLEL_CONCEPT_EVALUATION': False,
  'PARALLEL_CUT_EVALUATION': True,
  'PARTITION_TYPE': 'BI',
  'PICK_SMALLEST_PURVIEW': False,
  'PRECISION': 6,
  'PRINT_FRACTIONS': True,
  'PROGRESS_BARS': True,
  'REDIS_CACHE': False,
  'REDIS_CONFIG': {'db': 0, 'host': 'localhost', 'port': 6379, 'test_db': 1},
  'REPR_VERBOSITY': 2,
  'SINGLE_MICRO_NODES_WITH_SELFLOOPS_HAVE_PHI': False,
  'SYSTEM_CUTS': '3.0_STYLE',
  'USE_SMALL_PHI_DIFFERENCE_FOR_CES_DISTANCE': False,
  'VALIDATE_CONDITIONAL_INDEPENDENCE': True,
  'VALIDATE_SUBSYSTEM_STATES': True,
  'WELCOME_OFF': True}
2026-06-13 21:00:12,688 [pyphi.conf] INFO MainProcess: PyPhi v1.2.0
2026-06-13 21:00:12,689 [pyphi.conf] INFO MainProcess: Loaded configuration from ['/home/sophia_cardona/proyectos/projecto-analisis-20261/GeoMIP/src/Method2_Dynamic_Programming_Reformulation/pyphi_config.yml']
2026-06-13 21:00:12,689 [pyphi.conf] INFO MainProcess: Current PyPhi configuration:
 { 'ASSUME_CUTS_CANNOT_CREATE_NEW_CONCEPTS': False,
  'CACHE_POTENTIAL_PURVIEWS': True,
  'CACHE_REPERTOIRES': True,
  'CACHE_SIAS': False,
  'CACHING_BACKEND': 'fs',
  'CLEAR_SUBSYSTEM_CACHES_AFTER_COMPUTING_SIA': False,
  'CUT_ONE_APPROXIMATION': False,
  'FS_CACHE_DIRECTORY': '__pyphi_cache__',
  'FS_CACHE_VERBOSITY': 0,
  'LOG_FILE': 'pyphi.log',
  'LOG_FILE_LEVEL': 'INFO',
  'LOG_STDOUT_LEVEL': 'WARNING',
  'MAXIMUM_CACHE_MEMORY_PERCENTAGE': 50,
  'MEASURE': 'EMD',
  'MONGODB_CONFIG': { 'collection_name': 'cache',
                      'database_name': 'pyphi',
                      'host': 'localhost',
                      'port': 27017},
  'NUMBER_OF_CORES': -1,
  'PARALLEL_COMPLEX_EVALUATION': False,
  'PARALLEL_CONCEPT_EVALUATION': False,
  'PARALLEL_CUT_EVALUATION': True,
  'PARTITION_TYPE': 'BI',
  'PICK_SMALLEST_PURVIEW': False,
  'PRECISION': 6,
  'PRINT_FRACTIONS': True,
  'PROGRESS_BARS': True,
  'REDIS_CACHE': False,
  'REDIS_CONFIG': {'db': 0, 'host': 'localhost', 'port': 6379, 'test_db': 1},
  'REPR_VERBOSITY': 2,
  'SINGLE_MICRO_NODES_WITH_SELFLOOPS_HAVE_PHI': False,
  'SYSTEM_CUTS': '3.0_STYLE',
  'USE_SMALL_PHI_DIFFERENCE_FOR_CES_DISTANCE': False,
  'VALIDATE_CONDITIONAL_INDEPENDENCE': True,
  'VALIDATE_SUBSYSTEM_STATES': True,
  'WELCOME_OFF': True}
2026-06-13 21:46:32,357 [pyphi.conf] INFO MainProcess: PyPhi v1.2.0
2026-06-13 21:46:32,357 [pyphi.conf] INFO MainProcess: Loaded configuration from ['/home/sophia_cardona/proyectos/projecto-analisis-20261/GeoMIP/src/Method2_Dynamic_Programming_Reformulation/pyphi_config.yml']
2026-06-13 21:46:32,358 [pyphi.conf] INFO MainProcess: Current PyPhi configuration:
 { 'ASSUME_CUTS_CANNOT_CREATE_NEW_CONCEPTS': False,
  'CACHE_POTENTIAL_PURVIEWS': True,
  'CACHE_REPERTOIRES': True,
  'CACHE_SIAS': False,
  'CACHING_BACKEND': 'fs',
  'CLEAR_SUBSYSTEM_CACHES_AFTER_COMPUTING_SIA': False,
  'CUT_ONE_APPROXIMATION': False,
  'FS_CACHE_DIRECTORY': '__pyphi_cache__',
  'FS_CACHE_VERBOSITY': 0,
  'LOG_FILE': 'pyphi.log',
  'LOG_FILE_LEVEL': 'INFO',
  'LOG_STDOUT_LEVEL': 'WARNING',
  'MAXIMUM_CACHE_MEMORY_PERCENTAGE': 50,
  'MEASURE': 'EMD',
  'MONGODB_CONFIG': { 'collection_name': 'cache',
                      'database_name': 'pyphi',
                      'host': 'localhost',
                      'port': 27017},
  'NUMBER_OF_CORES': -1,
  'PARALLEL_COMPLEX_EVALUATION': False,
  'PARALLEL_CONCEPT_EVALUATION': False,
  'PARALLEL_CUT_EVALUATION': True,
  'PARTITION_TYPE': 'BI',
  'PICK_SMALLEST_PURVIEW': False,
  'PRECISION': 6,
  'PRINT_FRACTIONS': True,
  'PROGRESS_BARS': True,
  'REDIS_CACHE': False,
  'REDIS_CONFIG': {'db': 0, 'host': 'localhost', 'port': 6379, 'test_db': 1},
  'REPR_VERBOSITY': 2,
  'SINGLE_MICRO_NODES_WITH_SELFLOOPS_HAVE_PHI': False,
  'SYSTEM_CUTS': '3.0_STYLE',
  'USE_SMALL_PHI_DIFFERENCE_FOR_CES_DISTANCE': False,
  'VALIDATE_CONDITIONAL_INDEPENDENCE': True,
  'VALIDATE_SUBSYSTEM_STATES': True,
  'WELCOME_OFF': True}
2026-06-13 22:36:47,298 [pyphi.conf] INFO MainProcess: PyPhi v1.2.0
2026-06-13 22:36:47,298 [pyphi.conf] INFO MainProcess: Loaded configuration from ['/home/sophia_cardona/proyectos/projecto-analisis-20261/GeoMIP/src/Method2_Dynamic_Programming_Reformulation/pyphi_config.yml']
2026-06-13 22:36:47,299 [pyphi.conf] INFO MainProcess: Current PyPhi configuration:
 { 'ASSUME_CUTS_CANNOT_CREATE_NEW_CONCEPTS': False,
  'CACHE_POTENTIAL_PURVIEWS': True,
  'CACHE_REPERTOIRES': True,
  'CACHE_SIAS': False,
  'CACHING_BACKEND': 'fs',
  'CLEAR_SUBSYSTEM_CACHES_AFTER_COMPUTING_SIA': False,
  'CUT_ONE_APPROXIMATION': False,
  'FS_CACHE_DIRECTORY': '__pyphi_cache__',
  'FS_CACHE_VERBOSITY': 0,
  'LOG_FILE': 'pyphi.log',
  'LOG_FILE_LEVEL': 'INFO',
  'LOG_STDOUT_LEVEL': 'WARNING',
  'MAXIMUM_CACHE_MEMORY_PERCENTAGE': 50,
  'MEASURE': 'EMD',
  'MONGODB_CONFIG': { 'collection_name': 'cache',
                      'database_name': 'pyphi',
                      'host': 'localhost',
                      'port': 27017},
  'NUMBER_OF_CORES': -1,
  'PARALLEL_COMPLEX_EVALUATION': False,
  'PARALLEL_CONCEPT_EVALUATION': False,
  'PARALLEL_CUT_EVALUATION': True,
  'PARTITION_TYPE': 'BI',
  'PICK_SMALLEST_PURVIEW': False,
  'PRECISION': 6,
  'PRINT_FRACTIONS': True,
  'PROGRESS_BARS': True,
  'REDIS_CACHE': False,
  'REDIS_CONFIG': {'db': 0, 'host': 'localhost', 'port': 6379, 'test_db': 1},
  'REPR_VERBOSITY': 2,
  'SINGLE_MICRO_NODES_WITH_SELFLOOPS_HAVE_PHI': False,
  'SYSTEM_CUTS': '3.0_STYLE',
  'USE_SMALL_PHI_DIFFERENCE_FOR_CES_DISTANCE': False,
  'VALIDATE_CONDITIONAL_INDEPENDENCE': True,
  'VALIDATE_SUBSYSTEM_STATES': True,
  'WELCOME_OFF': True}
2026-06-13 22:54:30,465 [pyphi.conf] INFO MainProcess: PyPhi v1.2.0
2026-06-13 22:54:30,465 [pyphi.conf] INFO MainProcess: Loaded configuration from ['/home/sophia_cardona/proyectos/projecto-analisis-20261/GeoMIP/src/Method2_Dynamic_Programming_Reformulation/pyphi_config.yml']
2026-06-13 22:54:30,466 [pyphi.conf] INFO MainProcess: Current PyPhi configuration:
 { 'ASSUME_CUTS_CANNOT_CREATE_NEW_CONCEPTS': False,
  'CACHE_POTENTIAL_PURVIEWS': True,
  'CACHE_REPERTOIRES': True,
  'CACHE_SIAS': False,
  'CACHING_BACKEND': 'fs',
  'CLEAR_SUBSYSTEM_CACHES_AFTER_COMPUTING_SIA': False,
  'CUT_ONE_APPROXIMATION': False,
  'FS_CACHE_DIRECTORY': '__pyphi_cache__',
  'FS_CACHE_VERBOSITY': 0,
  'LOG_FILE': 'pyphi.log',
  'LOG_FILE_LEVEL': 'INFO',
  'LOG_STDOUT_LEVEL': 'WARNING',
  'MAXIMUM_CACHE_MEMORY_PERCENTAGE': 50,
  'MEASURE': 'EMD',
  'MONGODB_CONFIG': { 'collection_name': 'cache',
                      'database_name': 'pyphi',
                      'host': 'localhost',
                      'port': 27017},
  'NUMBER_OF_CORES': -1,
  'PARALLEL_COMPLEX_EVALUATION': False,
  'PARALLEL_CONCEPT_EVALUATION': False,
  'PARALLEL_CUT_EVALUATION': True,
  'PARTITION_TYPE': 'BI',
  'PICK_SMALLEST_PURVIEW': False,
  'PRECISION': 6,
  'PRINT_FRACTIONS': True,
  'PROGRESS_BARS': True,
  'REDIS_CACHE': False,
  'REDIS_CONFIG': {'db': 0, 'host': 'localhost', 'port': 6379, 'test_db': 1},
  'REPR_VERBOSITY': 2,
  'SINGLE_MICRO_NODES_WITH_SELFLOOPS_HAVE_PHI': False,
  'SYSTEM_CUTS': '3.0_STYLE',
  'USE_SMALL_PHI_DIFFERENCE_FOR_CES_DISTANCE': False,
  'VALIDATE_CONDITIONAL_INDEPENDENCE': True,
  'VALIDATE_SUBSYSTEM_STATES': True,
  'WELCOME_OFF': True}
2026-06-13 23:00:26,293 [pyphi.conf] INFO MainProcess: PyPhi v1.2.0
2026-06-13 23:00:26,293 [pyphi.conf] INFO MainProcess: Loaded configuration from ['/home/sophia_cardona/proyectos/projecto-analisis-20261/GeoMIP/src/Method2_Dynamic_Programming_Reformulation/pyphi_config.yml']
2026-06-13 23:00:26,294 [pyphi.conf] INFO MainProcess: Current PyPhi configuration:
 { 'ASSUME_CUTS_CANNOT_CREATE_NEW_CONCEPTS': False,
  'CACHE_POTENTIAL_PURVIEWS': True,
  'CACHE_REPERTOIRES': True,
  'CACHE_SIAS': False,
  'CACHING_BACKEND': 'fs',
  'CLEAR_SUBSYSTEM_CACHES_AFTER_COMPUTING_SIA': False,
  'CUT_ONE_APPROXIMATION': False,
  'FS_CACHE_DIRECTORY': '__pyphi_cache__',
  'FS_CACHE_VERBOSITY': 0,
  'LOG_FILE': 'pyphi.log',
  'LOG_FILE_LEVEL': 'INFO',
  'LOG_STDOUT_LEVEL': 'WARNING',
  'MAXIMUM_CACHE_MEMORY_PERCENTAGE': 50,
  'MEASURE': 'EMD',
  'MONGODB_CONFIG': { 'collection_name': 'cache',
                      'database_name': 'pyphi',
                      'host': 'localhost',
                      'port': 27017},
  'NUMBER_OF_CORES': -1,
  'PARALLEL_COMPLEX_EVALUATION': False,
  'PARALLEL_CONCEPT_EVALUATION': False,
  'PARALLEL_CUT_EVALUATION': True,
  'PARTITION_TYPE': 'BI',
  'PICK_SMALLEST_PURVIEW': False,
  'PRECISION': 6,
  'PRINT_FRACTIONS': True,
  'PROGRESS_BARS': True,
  'REDIS_CACHE': False,
  'REDIS_CONFIG': {'db': 0, 'host': 'localhost', 'port': 6379, 'test_db': 1},
  'REPR_VERBOSITY': 2,
  'SINGLE_MICRO_NODES_WITH_SELFLOOPS_HAVE_PHI': False,
  'SYSTEM_CUTS': '3.0_STYLE',
  'USE_SMALL_PHI_DIFFERENCE_FOR_CES_DISTANCE': False,
  'VALIDATE_CONDITIONAL_INDEPENDENCE': True,
  'VALIDATE_SUBSYSTEM_STATES': True,
  'WELCOME_OFF': True}
2026-06-13 23:00:40,078 [pyphi.conf] INFO MainProcess: PyPhi v1.2.0
2026-06-13 23:00:40,078 [pyphi.conf] INFO MainProcess: Loaded configuration from ['/home/sophia_cardona/proyectos/projecto-analisis-20261/GeoMIP/src/Method2_Dynamic_Programming_Reformulation/pyphi_config.yml']
2026-06-13 23:00:40,079 [pyphi.conf] INFO MainProcess: Current PyPhi configuration:
 { 'ASSUME_CUTS_CANNOT_CREATE_NEW_CONCEPTS': False,
  'CACHE_POTENTIAL_PURVIEWS': True,
  'CACHE_REPERTOIRES': True,
  'CACHE_SIAS': False,
  'CACHING_BACKEND': 'fs',
  'CLEAR_SUBSYSTEM_CACHES_AFTER_COMPUTING_SIA': False,
  'CUT_ONE_APPROXIMATION': False,
  'FS_CACHE_DIRECTORY': '__pyphi_cache__',
  'FS_CACHE_VERBOSITY': 0,
  'LOG_FILE': 'pyphi.log',
  'LOG_FILE_LEVEL': 'INFO',
  'LOG_STDOUT_LEVEL': 'WARNING',
  'MAXIMUM_CACHE_MEMORY_PERCENTAGE': 50,
  'MEASURE': 'EMD',
  'MONGODB_CONFIG': { 'collection_name': 'cache',
                      'database_name': 'pyphi',
                      'host': 'localhost',
                      'port': 27017},
  'NUMBER_OF_CORES': -1,
  'PARALLEL_COMPLEX_EVALUATION': False,
  'PARALLEL_CONCEPT_EVALUATION': False,
  'PARALLEL_CUT_EVALUATION': True,
  'PARTITION_TYPE': 'BI',
  'PICK_SMALLEST_PURVIEW': False,
  'PRECISION': 6,
  'PRINT_FRACTIONS': True,
  'PROGRESS_BARS': True,
  'REDIS_CACHE': False,
  'REDIS_CONFIG': {'db': 0, 'host': 'localhost', 'port': 6379, 'test_db': 1},
  'REPR_VERBOSITY': 2,
  'SINGLE_MICRO_NODES_WITH_SELFLOOPS_HAVE_PHI': False,
  'SYSTEM_CUTS': '3.0_STYLE',
  'USE_SMALL_PHI_DIFFERENCE_FOR_CES_DISTANCE': False,
  'VALIDATE_CONDITIONAL_INDEPENDENCE': True,
  'VALIDATE_SUBSYSTEM_STATES': True,
  'WELCOME_OFF': True}
2026-06-13 23:15:00,717 [pyphi.conf] INFO MainProcess: PyPhi v1.2.0
2026-06-13 23:15:00,718 [pyphi.conf] INFO MainProcess: Loaded configuration from ['/home/sophia_cardona/proyectos/projecto-analisis-20261/GeoMIP/src/Method2_Dynamic_Programming_Reformulation/pyphi_config.yml']
2026-06-13 23:15:00,719 [pyphi.conf] INFO MainProcess: Current PyPhi configuration:
 { 'ASSUME_CUTS_CANNOT_CREATE_NEW_CONCEPTS': False,
  'CACHE_POTENTIAL_PURVIEWS': True,
  'CACHE_REPERTOIRES': True,
  'CACHE_SIAS': False,
  'CACHING_BACKEND': 'fs',
  'CLEAR_SUBSYSTEM_CACHES_AFTER_COMPUTING_SIA': False,
  'CUT_ONE_APPROXIMATION': False,
  'FS_CACHE_DIRECTORY': '__pyphi_cache__',
  'FS_CACHE_VERBOSITY': 0,
  'LOG_FILE': 'pyphi.log',
  'LOG_FILE_LEVEL': 'INFO',
  'LOG_STDOUT_LEVEL': 'WARNING',
  'MAXIMUM_CACHE_MEMORY_PERCENTAGE': 50,
  'MEASURE': 'EMD',
  'MONGODB_CONFIG': { 'collection_name': 'cache',
                      'database_name': 'pyphi',
                      'host': 'localhost',
                      'port': 27017},
  'NUMBER_OF_CORES': -1,
  'PARALLEL_COMPLEX_EVALUATION': False,
  'PARALLEL_CONCEPT_EVALUATION': False,
  'PARALLEL_CUT_EVALUATION': True,
  'PARTITION_TYPE': 'BI',
  'PICK_SMALLEST_PURVIEW': False,
  'PRECISION': 6,
  'PRINT_FRACTIONS': True,
  'PROGRESS_BARS': True,
  'REDIS_CACHE': False,
  'REDIS_CONFIG': {'db': 0, 'host': 'localhost', 'port': 6379, 'test_db': 1},
  'REPR_VERBOSITY': 2,
  'SINGLE_MICRO_NODES_WITH_SELFLOOPS_HAVE_PHI': False,
  'SYSTEM_CUTS': '3.0_STYLE',
  'USE_SMALL_PHI_DIFFERENCE_FOR_CES_DISTANCE': False,
  'VALIDATE_CONDITIONAL_INDEPENDENCE': True,
  'VALIDATE_SUBSYSTEM_STATES': True,
  'WELCOME_OFF': True}
2026-06-13 23:22:05,268 [pyphi.conf] INFO MainProcess: PyPhi v1.2.0
2026-06-13 23:22:05,268 [pyphi.conf] INFO MainProcess: Loaded configuration from ['/home/sophia_cardona/proyectos/projecto-analisis-20261/GeoMIP/src/Method2_Dynamic_Programming_Reformulation/pyphi_config.yml']
2026-06-13 23:22:05,268 [pyphi.conf] INFO MainProcess: Current PyPhi configuration:
 { 'ASSUME_CUTS_CANNOT_CREATE_NEW_CONCEPTS': False,
  'CACHE_POTENTIAL_PURVIEWS': True,
  'CACHE_REPERTOIRES': True,
  'CACHE_SIAS': False,
  'CACHING_BACKEND': 'fs',
  'CLEAR_SUBSYSTEM_CACHES_AFTER_COMPUTING_SIA': False,
  'CUT_ONE_APPROXIMATION': False,
  'FS_CACHE_DIRECTORY': '__pyphi_cache__',
  'FS_CACHE_VERBOSITY': 0,
  'LOG_FILE': 'pyphi.log',
  'LOG_FILE_LEVEL': 'INFO',
  'LOG_STDOUT_LEVEL': 'WARNING',
  'MAXIMUM_CACHE_MEMORY_PERCENTAGE': 50,
  'MEASURE': 'EMD',
  'MONGODB_CONFIG': { 'collection_name': 'cache',
                      'database_name': 'pyphi',
                      'host': 'localhost',
                      'port': 27017},
  'NUMBER_OF_CORES': -1,
  'PARALLEL_COMPLEX_EVALUATION': False,
  'PARALLEL_CONCEPT_EVALUATION': False,
  'PARALLEL_CUT_EVALUATION': True,
  'PARTITION_TYPE': 'BI',
  'PICK_SMALLEST_PURVIEW': False,
  'PRECISION': 6,
  'PRINT_FRACTIONS': True,
  'PROGRESS_BARS': True,
  'REDIS_CACHE': False,
  'REDIS_CONFIG': {'db': 0, 'host': 'localhost', 'port': 6379, 'test_db': 1},
  'REPR_VERBOSITY': 2,
  'SINGLE_MICRO_NODES_WITH_SELFLOOPS_HAVE_PHI': False,
  'SYSTEM_CUTS': '3.0_STYLE',
  'USE_SMALL_PHI_DIFFERENCE_FOR_CES_DISTANCE': False,
  'VALIDATE_CONDITIONAL_INDEPENDENCE': True,
  'VALIDATE_SUBSYSTEM_STATES': True,
  'WELCOME_OFF': True}
2026-06-13 23:27:54,413 [pyphi.conf] INFO MainProcess: PyPhi v1.2.0
2026-06-13 23:27:54,414 [pyphi.conf] INFO MainProcess: Loaded configuration from ['/home/sophia_cardona/proyectos/projecto-analisis-20261/GeoMIP/src/Method2_Dynamic_Programming_Reformulation/pyphi_config.yml']
2026-06-13 23:27:54,415 [pyphi.conf] INFO MainProcess: Current PyPhi configuration:
 { 'ASSUME_CUTS_CANNOT_CREATE_NEW_CONCEPTS': False,
  'CACHE_POTENTIAL_PURVIEWS': True,
  'CACHE_REPERTOIRES': True,
  'CACHE_SIAS': False,
  'CACHING_BACKEND': 'fs',
  'CLEAR_SUBSYSTEM_CACHES_AFTER_COMPUTING_SIA': False,
  'CUT_ONE_APPROXIMATION': False,
  'FS_CACHE_DIRECTORY': '__pyphi_cache__',
  'FS_CACHE_VERBOSITY': 0,
  'LOG_FILE': 'pyphi.log',
  'LOG_FILE_LEVEL': 'INFO',
  'LOG_STDOUT_LEVEL': 'WARNING',
  'MAXIMUM_CACHE_MEMORY_PERCENTAGE': 50,
  'MEASURE': 'EMD',
  'MONGODB_CONFIG': { 'collection_name': 'cache',
                      'database_name': 'pyphi',
                      'host': 'localhost',
                      'port': 27017},
  'NUMBER_OF_CORES': -1,
  'PARALLEL_COMPLEX_EVALUATION': False,
  'PARALLEL_CONCEPT_EVALUATION': False,
  'PARALLEL_CUT_EVALUATION': True,
  'PARTITION_TYPE': 'BI',
  'PICK_SMALLEST_PURVIEW': False,
  'PRECISION': 6,
  'PRINT_FRACTIONS': True,
  'PROGRESS_BARS': True,
  'REDIS_CACHE': False,
  'REDIS_CONFIG': {'db': 0, 'host': 'localhost', 'port': 6379, 'test_db': 1},
  'REPR_VERBOSITY': 2,
  'SINGLE_MICRO_NODES_WITH_SELFLOOPS_HAVE_PHI': False,
  'SYSTEM_CUTS': '3.0_STYLE',
  'USE_SMALL_PHI_DIFFERENCE_FOR_CES_DISTANCE': False,
  'VALIDATE_CONDITIONAL_INDEPENDENCE': True,
  'VALIDATE_SUBSYSTEM_STATES': True,
  'WELCOME_OFF': True}
2026-06-13 23:30:17,784 [pyphi.conf] INFO MainProcess: PyPhi v1.2.0
2026-06-13 23:30:17,784 [pyphi.conf] INFO MainProcess: Loaded configuration from ['/home/sophia_cardona/proyectos/projecto-analisis-20261/GeoMIP/src/Method2_Dynamic_Programming_Reformulation/pyphi_config.yml']
2026-06-13 23:30:17,785 [pyphi.conf] INFO MainProcess: Current PyPhi configuration:
 { 'ASSUME_CUTS_CANNOT_CREATE_NEW_CONCEPTS': False,
  'CACHE_POTENTIAL_PURVIEWS': True,
  'CACHE_REPERTOIRES': True,
  'CACHE_SIAS': False,
  'CACHING_BACKEND': 'fs',
  'CLEAR_SUBSYSTEM_CACHES_AFTER_COMPUTING_SIA': False,
  'CUT_ONE_APPROXIMATION': False,
  'FS_CACHE_DIRECTORY': '__pyphi_cache__',
  'FS_CACHE_VERBOSITY': 0,
  'LOG_FILE': 'pyphi.log',
  'LOG_FILE_LEVEL': 'INFO',
  'LOG_STDOUT_LEVEL': 'WARNING',
  'MAXIMUM_CACHE_MEMORY_PERCENTAGE': 50,
  'MEASURE': 'EMD',
  'MONGODB_CONFIG': { 'collection_name': 'cache',
                      'database_name': 'pyphi',
                      'host': 'localhost',
                      'port': 27017},
  'NUMBER_OF_CORES': -1,
  'PARALLEL_COMPLEX_EVALUATION': False,
  'PARALLEL_CONCEPT_EVALUATION': False,
  'PARALLEL_CUT_EVALUATION': True,
  'PARTITION_TYPE': 'BI',
  'PICK_SMALLEST_PURVIEW': False,
  'PRECISION': 6,
  'PRINT_FRACTIONS': True,
  'PROGRESS_BARS': True,
  'REDIS_CACHE': False,
  'REDIS_CONFIG': {'db': 0, 'host': 'localhost', 'port': 6379, 'test_db': 1},
  'REPR_VERBOSITY': 2,
  'SINGLE_MICRO_NODES_WITH_SELFLOOPS_HAVE_PHI': False,
  'SYSTEM_CUTS': '3.0_STYLE',
  'USE_SMALL_PHI_DIFFERENCE_FOR_CES_DISTANCE': False,
  'VALIDATE_CONDITIONAL_INDEPENDENCE': True,
  'VALIDATE_SUBSYSTEM_STATES': True,
  'WELCOME_OFF': True}
2026-06-13 23:31:41,537 [pyphi.conf] INFO MainProcess: PyPhi v1.2.0
2026-06-13 23:31:41,537 [pyphi.conf] INFO MainProcess: Loaded configuration from ['/home/sophia_cardona/proyectos/projecto-analisis-20261/GeoMIP/src/Method2_Dynamic_Programming_Reformulation/pyphi_config.yml']
2026-06-13 23:31:41,537 [pyphi.conf] INFO MainProcess: Current PyPhi configuration:
 { 'ASSUME_CUTS_CANNOT_CREATE_NEW_CONCEPTS': False,
  'CACHE_POTENTIAL_PURVIEWS': True,
  'CACHE_REPERTOIRES': True,
  'CACHE_SIAS': False,
  'CACHING_BACKEND': 'fs',
  'CLEAR_SUBSYSTEM_CACHES_AFTER_COMPUTING_SIA': False,
  'CUT_ONE_APPROXIMATION': False,
  'FS_CACHE_DIRECTORY': '__pyphi_cache__',
  'FS_CACHE_VERBOSITY': 0,
  'LOG_FILE': 'pyphi.log',
  'LOG_FILE_LEVEL': 'INFO',
  'LOG_STDOUT_LEVEL': 'WARNING',
  'MAXIMUM_CACHE_MEMORY_PERCENTAGE': 50,
  'MEASURE': 'EMD',
  'MONGODB_CONFIG': { 'collection_name': 'cache',
                      'database_name': 'pyphi',
                      'host': 'localhost',
                      'port': 27017},
  'NUMBER_OF_CORES': -1,
  'PARALLEL_COMPLEX_EVALUATION': False,
  'PARALLEL_CONCEPT_EVALUATION': False,
  'PARALLEL_CUT_EVALUATION': True,
  'PARTITION_TYPE': 'BI',
  'PICK_SMALLEST_PURVIEW': False,
  'PRECISION': 6,
  'PRINT_FRACTIONS': True,
  'PROGRESS_BARS': True,
  'REDIS_CACHE': False,
  'REDIS_CONFIG': {'db': 0, 'host': 'localhost', 'port': 6379, 'test_db': 1},
  'REPR_VERBOSITY': 2,
  'SINGLE_MICRO_NODES_WITH_SELFLOOPS_HAVE_PHI': False,
  'SYSTEM_CUTS': '3.0_STYLE',
  'USE_SMALL_PHI_DIFFERENCE_FOR_CES_DISTANCE': False,
  'VALIDATE_CONDITIONAL_INDEPENDENCE': True,
  'VALIDATE_SUBSYSTEM_STATES': True,
  'WELCOME_OFF': True}
2026-06-13 23:35:20,795 [pyphi.conf] INFO MainProcess: PyPhi v1.2.0
2026-06-13 23:35:20,795 [pyphi.conf] INFO MainProcess: Loaded configuration from ['/home/sophia_cardona/proyectos/projecto-analisis-20261/GeoMIP/src/Method2_Dynamic_Programming_Reformulation/pyphi_config.yml']
2026-06-13 23:35:20,796 [pyphi.conf] INFO MainProcess: Current PyPhi configuration:
 { 'ASSUME_CUTS_CANNOT_CREATE_NEW_CONCEPTS': False,
  'CACHE_POTENTIAL_PURVIEWS': True,
  'CACHE_REPERTOIRES': True,
  'CACHE_SIAS': False,
  'CACHING_BACKEND': 'fs',
  'CLEAR_SUBSYSTEM_CACHES_AFTER_COMPUTING_SIA': False,
  'CUT_ONE_APPROXIMATION': False,
  'FS_CACHE_DIRECTORY': '__pyphi_cache__',
  'FS_CACHE_VERBOSITY': 0,
  'LOG_FILE': 'pyphi.log',
  'LOG_FILE_LEVEL': 'INFO',
  'LOG_STDOUT_LEVEL': 'WARNING',
  'MAXIMUM_CACHE_MEMORY_PERCENTAGE': 50,
  'MEASURE': 'EMD',
  'MONGODB_CONFIG': { 'collection_name': 'cache',
                      'database_name': 'pyphi',
                      'host': 'localhost',
                      'port': 27017},
  'NUMBER_OF_CORES': -1,
  'PARALLEL_COMPLEX_EVALUATION': False,
  'PARALLEL_CONCEPT_EVALUATION': False,
  'PARALLEL_CUT_EVALUATION': True,
  'PARTITION_TYPE': 'BI',
  'PICK_SMALLEST_PURVIEW': False,
  'PRECISION': 6,
  'PRINT_FRACTIONS': True,
  'PROGRESS_BARS': True,
  'REDIS_CACHE': False,
  'REDIS_CONFIG': {'db': 0, 'host': 'localhost', 'port': 6379, 'test_db': 1},
  'REPR_VERBOSITY': 2,
  'SINGLE_MICRO_NODES_WITH_SELFLOOPS_HAVE_PHI': False,
  'SYSTEM_CUTS': '3.0_STYLE',
  'USE_SMALL_PHI_DIFFERENCE_FOR_CES_DISTANCE': False,
  'VALIDATE_CONDITIONAL_INDEPENDENCE': True,
  'VALIDATE_SUBSYSTEM_STATES': True,
  'WELCOME_OFF': True}
2026-06-13 23:37:03,770 [pyphi.conf] INFO MainProcess: PyPhi v1.2.0
2026-06-13 23:37:03,771 [pyphi.conf] INFO MainProcess: Loaded configuration from ['/home/sophia_cardona/proyectos/projecto-analisis-20261/GeoMIP/src/Method2_Dynamic_Programming_Reformulation/pyphi_config.yml']
2026-06-13 23:37:03,771 [pyphi.conf] INFO MainProcess: Current PyPhi configuration:
 { 'ASSUME_CUTS_CANNOT_CREATE_NEW_CONCEPTS': False,
  'CACHE_POTENTIAL_PURVIEWS': True,
  'CACHE_REPERTOIRES': True,
  'CACHE_SIAS': False,
  'CACHING_BACKEND': 'fs',
  'CLEAR_SUBSYSTEM_CACHES_AFTER_COMPUTING_SIA': False,
  'CUT_ONE_APPROXIMATION': False,
  'FS_CACHE_DIRECTORY': '__pyphi_cache__',
  'FS_CACHE_VERBOSITY': 0,
  'LOG_FILE': 'pyphi.log',
  'LOG_FILE_LEVEL': 'INFO',
  'LOG_STDOUT_LEVEL': 'WARNING',
  'MAXIMUM_CACHE_MEMORY_PERCENTAGE': 50,
  'MEASURE': 'EMD',
  'MONGODB_CONFIG': { 'collection_name': 'cache',
                      'database_name': 'pyphi',
                      'host': 'localhost',
                      'port': 27017},
  'NUMBER_OF_CORES': -1,
  'PARALLEL_COMPLEX_EVALUATION': False,
  'PARALLEL_CONCEPT_EVALUATION': False,
  'PARALLEL_CUT_EVALUATION': True,
  'PARTITION_TYPE': 'BI',
  'PICK_SMALLEST_PURVIEW': False,
  'PRECISION': 6,
  'PRINT_FRACTIONS': True,
  'PROGRESS_BARS': True,
  'REDIS_CACHE': False,
  'REDIS_CONFIG': {'db': 0, 'host': 'localhost', 'port': 6379, 'test_db': 1},
  'REPR_VERBOSITY': 2,
  'SINGLE_MICRO_NODES_WITH_SELFLOOPS_HAVE_PHI': False,
  'SYSTEM_CUTS': '3.0_STYLE',
  'USE_SMALL_PHI_DIFFERENCE_FOR_CES_DISTANCE': False,
  'VALIDATE_CONDITIONAL_INDEPENDENCE': True,
  'VALIDATE_SUBSYSTEM_STATES': True,
  'WELCOME_OFF': True}
2026-06-13 23:37:46,466 [pyphi.conf] INFO MainProcess: PyPhi v1.2.0
2026-06-13 23:37:46,466 [pyphi.conf] INFO MainProcess: Loaded configuration from ['/home/sophia_cardona/proyectos/projecto-analisis-20261/GeoMIP/src/Method2_Dynamic_Programming_Reformulation/pyphi_config.yml']
2026-06-13 23:37:46,466 [pyphi.conf] INFO MainProcess: Current PyPhi configuration:
 { 'ASSUME_CUTS_CANNOT_CREATE_NEW_CONCEPTS': False,
  'CACHE_POTENTIAL_PURVIEWS': True,
  'CACHE_REPERTOIRES': True,
  'CACHE_SIAS': False,
  'CACHING_BACKEND': 'fs',
  'CLEAR_SUBSYSTEM_CACHES_AFTER_COMPUTING_SIA': False,
  'CUT_ONE_APPROXIMATION': False,
  'FS_CACHE_DIRECTORY': '__pyphi_cache__',
  'FS_CACHE_VERBOSITY': 0,
  'LOG_FILE': 'pyphi.log',
  'LOG_FILE_LEVEL': 'INFO',
  'LOG_STDOUT_LEVEL': 'WARNING',
  'MAXIMUM_CACHE_MEMORY_PERCENTAGE': 50,
  'MEASURE': 'EMD',
  'MONGODB_CONFIG': { 'collection_name': 'cache',
                      'database_name': 'pyphi',
                      'host': 'localhost',
                      'port': 27017},
  'NUMBER_OF_CORES': -1,
  'PARALLEL_COMPLEX_EVALUATION': False,
  'PARALLEL_CONCEPT_EVALUATION': False,
  'PARALLEL_CUT_EVALUATION': True,
  'PARTITION_TYPE': 'BI',
  'PICK_SMALLEST_PURVIEW': False,
  'PRECISION': 6,
  'PRINT_FRACTIONS': True,
  'PROGRESS_BARS': True,
  'REDIS_CACHE': False,
  'REDIS_CONFIG': {'db': 0, 'host': 'localhost', 'port': 6379, 'test_db': 1},
  'REPR_VERBOSITY': 2,
  'SINGLE_MICRO_NODES_WITH_SELFLOOPS_HAVE_PHI': False,
  'SYSTEM_CUTS': '3.0_STYLE',
  'USE_SMALL_PHI_DIFFERENCE_FOR_CES_DISTANCE': False,
  'VALIDATE_CONDITIONAL_INDEPENDENCE': True,
  'VALIDATE_SUBSYSTEM_STATES': True,
  'WELCOME_OFF': True}
2026-06-13 23:39:53,833 [pyphi.conf] INFO MainProcess: PyPhi v1.2.0
2026-06-13 23:39:53,833 [pyphi.conf] INFO MainProcess: Loaded configuration from ['/home/sophia_cardona/proyectos/projecto-analisis-20261/GeoMIP/src/Method2_Dynamic_Programming_Reformulation/pyphi_config.yml']
2026-06-13 23:39:53,837 [pyphi.conf] INFO MainProcess: Current PyPhi configuration:
 { 'ASSUME_CUTS_CANNOT_CREATE_NEW_CONCEPTS': False,
  'CACHE_POTENTIAL_PURVIEWS': True,
  'CACHE_REPERTOIRES': True,
  'CACHE_SIAS': False,
  'CACHING_BACKEND': 'fs',
  'CLEAR_SUBSYSTEM_CACHES_AFTER_COMPUTING_SIA': False,
  'CUT_ONE_APPROXIMATION': False,
  'FS_CACHE_DIRECTORY': '__pyphi_cache__',
  'FS_CACHE_VERBOSITY': 0,
  'LOG_FILE': 'pyphi.log',
  'LOG_FILE_LEVEL': 'INFO',
  'LOG_STDOUT_LEVEL': 'WARNING',
  'MAXIMUM_CACHE_MEMORY_PERCENTAGE': 50,
  'MEASURE': 'EMD',
  'MONGODB_CONFIG': { 'collection_name': 'cache',
                      'database_name': 'pyphi',
                      'host': 'localhost',
                      'port': 27017},
  'NUMBER_OF_CORES': -1,
  'PARALLEL_COMPLEX_EVALUATION': False,
  'PARALLEL_CONCEPT_EVALUATION': False,
  'PARALLEL_CUT_EVALUATION': True,
  'PARTITION_TYPE': 'BI',
  'PICK_SMALLEST_PURVIEW': False,
  'PRECISION': 6,
  'PRINT_FRACTIONS': True,
  'PROGRESS_BARS': True,
  'REDIS_CACHE': False,
  'REDIS_CONFIG': {'db': 0, 'host': 'localhost', 'port': 6379, 'test_db': 1},
  'REPR_VERBOSITY': 2,
  'SINGLE_MICRO_NODES_WITH_SELFLOOPS_HAVE_PHI': False,
  'SYSTEM_CUTS': '3.0_STYLE',
  'USE_SMALL_PHI_DIFFERENCE_FOR_CES_DISTANCE': False,
  'VALIDATE_CONDITIONAL_INDEPENDENCE': True,
  'VALIDATE_SUBSYSTEM_STATES': True,
  'WELCOME_OFF': True}
2026-06-13 23:42:14,209 [pyphi.conf] INFO MainProcess: PyPhi v1.2.0
2026-06-13 23:42:14,210 [pyphi.conf] INFO MainProcess: Loaded configuration from ['/home/sophia_cardona/proyectos/projecto-analisis-20261/GeoMIP/src/Method2_Dynamic_Programming_Reformulation/pyphi_config.yml']
2026-06-13 23:42:14,210 [pyphi.conf] INFO MainProcess: Current PyPhi configuration:
 { 'ASSUME_CUTS_CANNOT_CREATE_NEW_CONCEPTS': False,
  'CACHE_POTENTIAL_PURVIEWS': True,
  'CACHE_REPERTOIRES': True,
  'CACHE_SIAS': False,
  'CACHING_BACKEND': 'fs',
  'CLEAR_SUBSYSTEM_CACHES_AFTER_COMPUTING_SIA': False,
  'CUT_ONE_APPROXIMATION': False,
  'FS_CACHE_DIRECTORY': '__pyphi_cache__',
  'FS_CACHE_VERBOSITY': 0,
  'LOG_FILE': 'pyphi.log',
  'LOG_FILE_LEVEL': 'INFO',
  'LOG_STDOUT_LEVEL': 'WARNING',
  'MAXIMUM_CACHE_MEMORY_PERCENTAGE': 50,
  'MEASURE': 'EMD',
  'MONGODB_CONFIG': { 'collection_name': 'cache',
                      'database_name': 'pyphi',
                      'host': 'localhost',
                      'port': 27017},
  'NUMBER_OF_CORES': -1,
  'PARALLEL_COMPLEX_EVALUATION': False,
  'PARALLEL_CONCEPT_EVALUATION': False,
  'PARALLEL_CUT_EVALUATION': True,
  'PARTITION_TYPE': 'BI',
  'PICK_SMALLEST_PURVIEW': False,
  'PRECISION': 6,
  'PRINT_FRACTIONS': True,
  'PROGRESS_BARS': True,
  'REDIS_CACHE': False,
  'REDIS_CONFIG': {'db': 0, 'host': 'localhost', 'port': 6379, 'test_db': 1},
  'REPR_VERBOSITY': 2,
  'SINGLE_MICRO_NODES_WITH_SELFLOOPS_HAVE_PHI': False,
  'SYSTEM_CUTS': '3.0_STYLE',
  'USE_SMALL_PHI_DIFFERENCE_FOR_CES_DISTANCE': False,
  'VALIDATE_CONDITIONAL_INDEPENDENCE': True,
  'VALIDATE_SUBSYSTEM_STATES': True,
  'WELCOME_OFF': True}
2026-06-14 09:48:33,900 [pyphi.conf] INFO MainProcess: PyPhi v1.2.0
2026-06-14 09:48:33,901 [pyphi.conf] INFO MainProcess: Loaded configuration from ['/home/sophia_cardona/proyectos/projecto-analisis-20261/GeoMIP/src/Method2_Dynamic_Programming_Reformulation/pyphi_config.yml']
2026-06-14 09:48:33,901 [pyphi.conf] INFO MainProcess: Current PyPhi configuration:
 { 'ASSUME_CUTS_CANNOT_CREATE_NEW_CONCEPTS': False,
  'CACHE_POTENTIAL_PURVIEWS': True,
  'CACHE_REPERTOIRES': True,
  'CACHE_SIAS': False,
  'CACHING_BACKEND': 'fs',
  'CLEAR_SUBSYSTEM_CACHES_AFTER_COMPUTING_SIA': False,
  'CUT_ONE_APPROXIMATION': False,
  'FS_CACHE_DIRECTORY': '__pyphi_cache__',
  'FS_CACHE_VERBOSITY': 0,
  'LOG_FILE': 'pyphi.log',
  'LOG_FILE_LEVEL': 'INFO',
  'LOG_STDOUT_LEVEL': 'WARNING',
  'MAXIMUM_CACHE_MEMORY_PERCENTAGE': 50,
  'MEASURE': 'EMD',
  'MONGODB_CONFIG': { 'collection_name': 'cache',
                      'database_name': 'pyphi',
                      'host': 'localhost',
                      'port': 27017},
  'NUMBER_OF_CORES': -1,
  'PARALLEL_COMPLEX_EVALUATION': False,
  'PARALLEL_CONCEPT_EVALUATION': False,
  'PARALLEL_CUT_EVALUATION': True,
  'PARTITION_TYPE': 'BI',
  'PICK_SMALLEST_PURVIEW': False,
  'PRECISION': 6,
  'PRINT_FRACTIONS': True,
  'PROGRESS_BARS': True,
  'REDIS_CACHE': False,
  'REDIS_CONFIG': {'db': 0, 'host': 'localhost', 'port': 6379, 'test_db': 1},
  'REPR_VERBOSITY': 2,
  'SINGLE_MICRO_NODES_WITH_SELFLOOPS_HAVE_PHI': False,
  'SYSTEM_CUTS': '3.0_STYLE',
  'USE_SMALL_PHI_DIFFERENCE_FOR_CES_DISTANCE': False,
  'VALIDATE_CONDITIONAL_INDEPENDENCE': True,
  'VALIDATE_SUBSYSTEM_STATES': True,
  'WELCOME_OFF': True}
2026-06-14 10:03:30,637 [pyphi.conf] INFO MainProcess: PyPhi v1.2.0
2026-06-14 10:03:30,638 [pyphi.conf] INFO MainProcess: Loaded configuration from ['/home/sophia_cardona/proyectos/projecto-analisis-20261/GeoMIP/src/Method2_Dynamic_Programming_Reformulation/pyphi_config.yml']
2026-06-14 10:03:30,638 [pyphi.conf] INFO MainProcess: Current PyPhi configuration:
 { 'ASSUME_CUTS_CANNOT_CREATE_NEW_CONCEPTS': False,
  'CACHE_POTENTIAL_PURVIEWS': True,
  'CACHE_REPERTOIRES': True,
  'CACHE_SIAS': False,
  'CACHING_BACKEND': 'fs',
  'CLEAR_SUBSYSTEM_CACHES_AFTER_COMPUTING_SIA': False,
  'CUT_ONE_APPROXIMATION': False,
  'FS_CACHE_DIRECTORY': '__pyphi_cache__',
  'FS_CACHE_VERBOSITY': 0,
  'LOG_FILE': 'pyphi.log',
  'LOG_FILE_LEVEL': 'INFO',
  'LOG_STDOUT_LEVEL': 'WARNING',
  'MAXIMUM_CACHE_MEMORY_PERCENTAGE': 50,
  'MEASURE': 'EMD',
  'MONGODB_CONFIG': { 'collection_name': 'cache',
                      'database_name': 'pyphi',
                      'host': 'localhost',
                      'port': 27017},
  'NUMBER_OF_CORES': -1,
  'PARALLEL_COMPLEX_EVALUATION': False,
  'PARALLEL_CONCEPT_EVALUATION': False,
  'PARALLEL_CUT_EVALUATION': True,
  'PARTITION_TYPE': 'BI',
  'PICK_SMALLEST_PURVIEW': False,
  'PRECISION': 6,
  'PRINT_FRACTIONS': True,
  'PROGRESS_BARS': True,
  'REDIS_CACHE': False,
  'REDIS_CONFIG': {'db': 0, 'host': 'localhost', 'port': 6379, 'test_db': 1},
  'REPR_VERBOSITY': 2,
  'SINGLE_MICRO_NODES_WITH_SELFLOOPS_HAVE_PHI': False,
  'SYSTEM_CUTS': '3.0_STYLE',
  'USE_SMALL_PHI_DIFFERENCE_FOR_CES_DISTANCE': False,
  'VALIDATE_CONDITIONAL_INDEPENDENCE': True,
  'VALIDATE_SUBSYSTEM_STATES': True,
  'WELCOME_OFF': True}
2026-06-14 10:05:48,294 [pyphi.conf] INFO MainProcess: PyPhi v1.2.0
2026-06-14 10:05:48,294 [pyphi.conf] INFO MainProcess: Loaded configuration from ['/home/sophia_cardona/proyectos/projecto-analisis-20261/GeoMIP/src/Method2_Dynamic_Programming_Reformulation/pyphi_config.yml']
2026-06-14 10:05:48,295 [pyphi.conf] INFO MainProcess: Current PyPhi configuration:
 { 'ASSUME_CUTS_CANNOT_CREATE_NEW_CONCEPTS': False,
  'CACHE_POTENTIAL_PURVIEWS': True,
  'CACHE_REPERTOIRES': True,
  'CACHE_SIAS': False,
  'CACHING_BACKEND': 'fs',
  'CLEAR_SUBSYSTEM_CACHES_AFTER_COMPUTING_SIA': False,
  'CUT_ONE_APPROXIMATION': False,
  'FS_CACHE_DIRECTORY': '__pyphi_cache__',
  'FS_CACHE_VERBOSITY': 0,
  'LOG_FILE': 'pyphi.log',
  'LOG_FILE_LEVEL': 'INFO',
  'LOG_STDOUT_LEVEL': 'WARNING',
  'MAXIMUM_CACHE_MEMORY_PERCENTAGE': 50,
  'MEASURE': 'EMD',
  'MONGODB_CONFIG': { 'collection_name': 'cache',
                      'database_name': 'pyphi',
                      'host': 'localhost',
                      'port': 27017},
  'NUMBER_OF_CORES': -1,
  'PARALLEL_COMPLEX_EVALUATION': False,
  'PARALLEL_CONCEPT_EVALUATION': False,
  'PARALLEL_CUT_EVALUATION': True,
  'PARTITION_TYPE': 'BI',
  'PICK_SMALLEST_PURVIEW': False,
  'PRECISION': 6,
  'PRINT_FRACTIONS': True,
  'PROGRESS_BARS': True,
  'REDIS_CACHE': False,
  'REDIS_CONFIG': {'db': 0, 'host': 'localhost', 'port': 6379, 'test_db': 1},
  'REPR_VERBOSITY': 2,
  'SINGLE_MICRO_NODES_WITH_SELFLOOPS_HAVE_PHI': False,
  'SYSTEM_CUTS': '3.0_STYLE',
  'USE_SMALL_PHI_DIFFERENCE_FOR_CES_DISTANCE': False,
  'VALIDATE_CONDITIONAL_INDEPENDENCE': True,
  'VALIDATE_SUBSYSTEM_STATES': True,
  'WELCOME_OFF': True}
2026-06-14 10:13:52,401 [pyphi.conf] INFO MainProcess: PyPhi v1.2.0
2026-06-14 10:13:52,401 [pyphi.conf] INFO MainProcess: Loaded configuration from ['/home/sophia_cardona/proyectos/projecto-analisis-20261/GeoMIP/src/Method2_Dynamic_Programming_Reformulation/pyphi_config.yml']
2026-06-14 10:13:52,402 [pyphi.conf] INFO MainProcess: Current PyPhi configuration:
 { 'ASSUME_CUTS_CANNOT_CREATE_NEW_CONCEPTS': False,
  'CACHE_POTENTIAL_PURVIEWS': True,
  'CACHE_REPERTOIRES': True,
  'CACHE_SIAS': False,
  'CACHING_BACKEND': 'fs',
  'CLEAR_SUBSYSTEM_CACHES_AFTER_COMPUTING_SIA': False,
  'CUT_ONE_APPROXIMATION': False,
  'FS_CACHE_DIRECTORY': '__pyphi_cache__',
  'FS_CACHE_VERBOSITY': 0,
  'LOG_FILE': 'pyphi.log',
  'LOG_FILE_LEVEL': 'INFO',
  'LOG_STDOUT_LEVEL': 'WARNING',
  'MAXIMUM_CACHE_MEMORY_PERCENTAGE': 50,
  'MEASURE': 'EMD',
  'MONGODB_CONFIG': { 'collection_name': 'cache',
                      'database_name': 'pyphi',
                      'host': 'localhost',
                      'port': 27017},
  'NUMBER_OF_CORES': -1,
  'PARALLEL_COMPLEX_EVALUATION': False,
  'PARALLEL_CONCEPT_EVALUATION': False,
  'PARALLEL_CUT_EVALUATION': True,
  'PARTITION_TYPE': 'BI',
  'PICK_SMALLEST_PURVIEW': False,
  'PRECISION': 6,
  'PRINT_FRACTIONS': True,
  'PROGRESS_BARS': True,
  'REDIS_CACHE': False,
  'REDIS_CONFIG': {'db': 0, 'host': 'localhost', 'port': 6379, 'test_db': 1},
  'REPR_VERBOSITY': 2,
  'SINGLE_MICRO_NODES_WITH_SELFLOOPS_HAVE_PHI': False,
  'SYSTEM_CUTS': '3.0_STYLE',
  'USE_SMALL_PHI_DIFFERENCE_FOR_CES_DISTANCE': False,
  'VALIDATE_CONDITIONAL_INDEPENDENCE': True,
  'VALIDATE_SUBSYSTEM_STATES': True,
  'WELCOME_OFF': True}
2026-06-14 10:14:43,960 [pyphi.conf] INFO MainProcess: PyPhi v1.2.0
2026-06-14 10:14:43,961 [pyphi.conf] INFO MainProcess: Loaded configuration from ['/home/sophia_cardona/proyectos/projecto-analisis-20261/GeoMIP/src/Method2_Dynamic_Programming_Reformulation/pyphi_config.yml']
2026-06-14 10:14:43,962 [pyphi.conf] INFO MainProcess: Current PyPhi configuration:
 { 'ASSUME_CUTS_CANNOT_CREATE_NEW_CONCEPTS': False,
  'CACHE_POTENTIAL_PURVIEWS': True,
  'CACHE_REPERTOIRES': True,
  'CACHE_SIAS': False,
  'CACHING_BACKEND': 'fs',
  'CLEAR_SUBSYSTEM_CACHES_AFTER_COMPUTING_SIA': False,
  'CUT_ONE_APPROXIMATION': False,
  'FS_CACHE_DIRECTORY': '__pyphi_cache__',
  'FS_CACHE_VERBOSITY': 0,
  'LOG_FILE': 'pyphi.log',
  'LOG_FILE_LEVEL': 'INFO',
  'LOG_STDOUT_LEVEL': 'WARNING',
  'MAXIMUM_CACHE_MEMORY_PERCENTAGE': 50,
  'MEASURE': 'EMD',
  'MONGODB_CONFIG': { 'collection_name': 'cache',
                      'database_name': 'pyphi',
                      'host': 'localhost',
                      'port': 27017},
  'NUMBER_OF_CORES': -1,
  'PARALLEL_COMPLEX_EVALUATION': False,
  'PARALLEL_CONCEPT_EVALUATION': False,
  'PARALLEL_CUT_EVALUATION': True,
  'PARTITION_TYPE': 'BI',
  'PICK_SMALLEST_PURVIEW': False,
  'PRECISION': 6,
  'PRINT_FRACTIONS': True,
  'PROGRESS_BARS': True,
  'REDIS_CACHE': False,
  'REDIS_CONFIG': {'db': 0, 'host': 'localhost', 'port': 6379, 'test_db': 1},
  'REPR_VERBOSITY': 2,
  'SINGLE_MICRO_NODES_WITH_SELFLOOPS_HAVE_PHI': False,
  'SYSTEM_CUTS': '3.0_STYLE',
  'USE_SMALL_PHI_DIFFERENCE_FOR_CES_DISTANCE': False,
  'VALIDATE_CONDITIONAL_INDEPENDENCE': True,
  'VALIDATE_SUBSYSTEM_STATES': True,
  'WELCOME_OFF': True}
2026-06-14 10:15:17,207 [pyphi.conf] INFO MainProcess: PyPhi v1.2.0
2026-06-14 10:15:17,207 [pyphi.conf] INFO MainProcess: Loaded configuration from ['/home/sophia_cardona/proyectos/projecto-analisis-20261/GeoMIP/src/Method2_Dynamic_Programming_Reformulation/pyphi_config.yml']
2026-06-14 10:15:17,208 [pyphi.conf] INFO MainProcess: Current PyPhi configuration:
 { 'ASSUME_CUTS_CANNOT_CREATE_NEW_CONCEPTS': False,
  'CACHE_POTENTIAL_PURVIEWS': True,
  'CACHE_REPERTOIRES': True,
  'CACHE_SIAS': False,
  'CACHING_BACKEND': 'fs',
  'CLEAR_SUBSYSTEM_CACHES_AFTER_COMPUTING_SIA': False,
  'CUT_ONE_APPROXIMATION': False,
  'FS_CACHE_DIRECTORY': '__pyphi_cache__',
  'FS_CACHE_VERBOSITY': 0,
  'LOG_FILE': 'pyphi.log',
  'LOG_FILE_LEVEL': 'INFO',
  'LOG_STDOUT_LEVEL': 'WARNING',
  'MAXIMUM_CACHE_MEMORY_PERCENTAGE': 50,
  'MEASURE': 'EMD',
  'MONGODB_CONFIG': { 'collection_name': 'cache',
                      'database_name': 'pyphi',
                      'host': 'localhost',
                      'port': 27017},
  'NUMBER_OF_CORES': -1,
  'PARALLEL_COMPLEX_EVALUATION': False,
  'PARALLEL_CONCEPT_EVALUATION': False,
  'PARALLEL_CUT_EVALUATION': True,
  'PARTITION_TYPE': 'BI',
  'PICK_SMALLEST_PURVIEW': False,
  'PRECISION': 6,
  'PRINT_FRACTIONS': True,
  'PROGRESS_BARS': True,
  'REDIS_CACHE': False,
  'REDIS_CONFIG': {'db': 0, 'host': 'localhost', 'port': 6379, 'test_db': 1},
  'REPR_VERBOSITY': 2,
  'SINGLE_MICRO_NODES_WITH_SELFLOOPS_HAVE_PHI': False,
  'SYSTEM_CUTS': '3.0_STYLE',
  'USE_SMALL_PHI_DIFFERENCE_FOR_CES_DISTANCE': False,
  'VALIDATE_CONDITIONAL_INDEPENDENCE': True,
  'VALIDATE_SUBSYSTEM_STATES': True,
  'WELCOME_OFF': True}
2026-06-14 10:18:04,124 [pyphi.conf] INFO MainProcess: PyPhi v1.2.0
2026-06-14 10:18:04,125 [pyphi.conf] INFO MainProcess: Loaded configuration from ['/home/sophia_cardona/proyectos/projecto-analisis-20261/GeoMIP/src/Method2_Dynamic_Programming_Reformulation/pyphi_config.yml']
2026-06-14 10:18:04,125 [pyphi.conf] INFO MainProcess: Current PyPhi configuration:
 { 'ASSUME_CUTS_CANNOT_CREATE_NEW_CONCEPTS': False,
  'CACHE_POTENTIAL_PURVIEWS': True,
  'CACHE_REPERTOIRES': True,
  'CACHE_SIAS': False,
  'CACHING_BACKEND': 'fs',
  'CLEAR_SUBSYSTEM_CACHES_AFTER_COMPUTING_SIA': False,
  'CUT_ONE_APPROXIMATION': False,
  'FS_CACHE_DIRECTORY': '__pyphi_cache__',
  'FS_CACHE_VERBOSITY': 0,
  'LOG_FILE': 'pyphi.log',
  'LOG_FILE_LEVEL': 'INFO',
  'LOG_STDOUT_LEVEL': 'WARNING',
  'MAXIMUM_CACHE_MEMORY_PERCENTAGE': 50,
  'MEASURE': 'EMD',
  'MONGODB_CONFIG': { 'collection_name': 'cache',
                      'database_name': 'pyphi',
                      'host': 'localhost',
                      'port': 27017},
  'NUMBER_OF_CORES': -1,
  'PARALLEL_COMPLEX_EVALUATION': False,
  'PARALLEL_CONCEPT_EVALUATION': False,
  'PARALLEL_CUT_EVALUATION': True,
  'PARTITION_TYPE': 'BI',
  'PICK_SMALLEST_PURVIEW': False,
  'PRECISION': 6,
  'PRINT_FRACTIONS': True,
  'PROGRESS_BARS': True,
  'REDIS_CACHE': False,
  'REDIS_CONFIG': {'db': 0, 'host': 'localhost', 'port': 6379, 'test_db': 1},
  'REPR_VERBOSITY': 2,
  'SINGLE_MICRO_NODES_WITH_SELFLOOPS_HAVE_PHI': False,
  'SYSTEM_CUTS': '3.0_STYLE',
  'USE_SMALL_PHI_DIFFERENCE_FOR_CES_DISTANCE': False,
  'VALIDATE_CONDITIONAL_INDEPENDENCE': True,
  'VALIDATE_SUBSYSTEM_STATES': True,
  'WELCOME_OFF': True}
2026-06-14 10:27:58,580 [pyphi.conf] INFO MainProcess: PyPhi v1.2.0
2026-06-14 10:27:58,580 [pyphi.conf] INFO MainProcess: Loaded configuration from ['/home/sophia_cardona/proyectos/projecto-analisis-20261/GeoMIP/src/Method2_Dynamic_Programming_Reformulation/pyphi_config.yml']
2026-06-14 10:27:58,580 [pyphi.conf] INFO MainProcess: Current PyPhi configuration:
 { 'ASSUME_CUTS_CANNOT_CREATE_NEW_CONCEPTS': False,
  'CACHE_POTENTIAL_PURVIEWS': True,
  'CACHE_REPERTOIRES': True,
  'CACHE_SIAS': False,
  'CACHING_BACKEND': 'fs',
  'CLEAR_SUBSYSTEM_CACHES_AFTER_COMPUTING_SIA': False,
  'CUT_ONE_APPROXIMATION': False,
  'FS_CACHE_DIRECTORY': '__pyphi_cache__',
  'FS_CACHE_VERBOSITY': 0,
  'LOG_FILE': 'pyphi.log',
  'LOG_FILE_LEVEL': 'INFO',
  'LOG_STDOUT_LEVEL': 'WARNING',
  'MAXIMUM_CACHE_MEMORY_PERCENTAGE': 50,
  'MEASURE': 'EMD',
  'MONGODB_CONFIG': { 'collection_name': 'cache',
                      'database_name': 'pyphi',
                      'host': 'localhost',
                      'port': 27017},
  'NUMBER_OF_CORES': -1,
  'PARALLEL_COMPLEX_EVALUATION': False,
  'PARALLEL_CONCEPT_EVALUATION': False,
  'PARALLEL_CUT_EVALUATION': True,
  'PARTITION_TYPE': 'BI',
  'PICK_SMALLEST_PURVIEW': False,
  'PRECISION': 6,
  'PRINT_FRACTIONS': True,
  'PROGRESS_BARS': True,
  'REDIS_CACHE': False,
  'REDIS_CONFIG': {'db': 0, 'host': 'localhost', 'port': 6379, 'test_db': 1},
  'REPR_VERBOSITY': 2,
  'SINGLE_MICRO_NODES_WITH_SELFLOOPS_HAVE_PHI': False,
  'SYSTEM_CUTS': '3.0_STYLE',
  'USE_SMALL_PHI_DIFFERENCE_FOR_CES_DISTANCE': False,
  'VALIDATE_CONDITIONAL_INDEPENDENCE': True,
  'VALIDATE_SUBSYSTEM_STATES': True,
  'WELCOME_OFF': True}
2026-06-14 10:32:23,134 [pyphi.conf] INFO MainProcess: PyPhi v1.2.0
2026-06-14 10:32:23,135 [pyphi.conf] INFO MainProcess: Loaded configuration from ['/home/sophia_cardona/proyectos/projecto-analisis-20261/GeoMIP/src/Method2_Dynamic_Programming_Reformulation/pyphi_config.yml']
2026-06-14 10:32:23,135 [pyphi.conf] INFO MainProcess: Current PyPhi configuration:
 { 'ASSUME_CUTS_CANNOT_CREATE_NEW_CONCEPTS': False,
  'CACHE_POTENTIAL_PURVIEWS': True,
  'CACHE_REPERTOIRES': True,
  'CACHE_SIAS': False,
  'CACHING_BACKEND': 'fs',
  'CLEAR_SUBSYSTEM_CACHES_AFTER_COMPUTING_SIA': False,
  'CUT_ONE_APPROXIMATION': False,
  'FS_CACHE_DIRECTORY': '__pyphi_cache__',
  'FS_CACHE_VERBOSITY': 0,
  'LOG_FILE': 'pyphi.log',
  'LOG_FILE_LEVEL': 'INFO',
  'LOG_STDOUT_LEVEL': 'WARNING',
  'MAXIMUM_CACHE_MEMORY_PERCENTAGE': 50,
  'MEASURE': 'EMD',
  'MONGODB_CONFIG': { 'collection_name': 'cache',
                      'database_name': 'pyphi',
                      'host': 'localhost',
                      'port': 27017},
  'NUMBER_OF_CORES': -1,
  'PARALLEL_COMPLEX_EVALUATION': False,
  'PARALLEL_CONCEPT_EVALUATION': False,
  'PARALLEL_CUT_EVALUATION': True,
  'PARTITION_TYPE': 'BI',
  'PICK_SMALLEST_PURVIEW': False,
  'PRECISION': 6,
  'PRINT_FRACTIONS': True,
  'PROGRESS_BARS': True,
  'REDIS_CACHE': False,
  'REDIS_CONFIG': {'db': 0, 'host': 'localhost', 'port': 6379, 'test_db': 1},
  'REPR_VERBOSITY': 2,
  'SINGLE_MICRO_NODES_WITH_SELFLOOPS_HAVE_PHI': False,
  'SYSTEM_CUTS': '3.0_STYLE',
  'USE_SMALL_PHI_DIFFERENCE_FOR_CES_DISTANCE': False,
  'VALIDATE_CONDITIONAL_INDEPENDENCE': True,
  'VALIDATE_SUBSYSTEM_STATES': True,
  'WELCOME_OFF': True}
2026-06-14 10:37:23,152 [pyphi.conf] INFO MainProcess: PyPhi v1.2.0
2026-06-14 10:37:23,152 [pyphi.conf] INFO MainProcess: Loaded configuration from ['/home/sophia_cardona/proyectos/projecto-analisis-20261/GeoMIP/src/Method2_Dynamic_Programming_Reformulation/pyphi_config.yml']
2026-06-14 10:37:23,152 [pyphi.conf] INFO MainProcess: Current PyPhi configuration:
 { 'ASSUME_CUTS_CANNOT_CREATE_NEW_CONCEPTS': False,
  'CACHE_POTENTIAL_PURVIEWS': True,
  'CACHE_REPERTOIRES': True,
  'CACHE_SIAS': False,
  'CACHING_BACKEND': 'fs',
  'CLEAR_SUBSYSTEM_CACHES_AFTER_COMPUTING_SIA': False,
  'CUT_ONE_APPROXIMATION': False,
  'FS_CACHE_DIRECTORY': '__pyphi_cache__',
  'FS_CACHE_VERBOSITY': 0,
  'LOG_FILE': 'pyphi.log',
  'LOG_FILE_LEVEL': 'INFO',
  'LOG_STDOUT_LEVEL': 'WARNING',
  'MAXIMUM_CACHE_MEMORY_PERCENTAGE': 50,
  'MEASURE': 'EMD',
  'MONGODB_CONFIG': { 'collection_name': 'cache',
                      'database_name': 'pyphi',
                      'host': 'localhost',
                      'port': 27017},
  'NUMBER_OF_CORES': -1,
  'PARALLEL_COMPLEX_EVALUATION': False,
  'PARALLEL_CONCEPT_EVALUATION': False,
  'PARALLEL_CUT_EVALUATION': True,
  'PARTITION_TYPE': 'BI',
  'PICK_SMALLEST_PURVIEW': False,
  'PRECISION': 6,
  'PRINT_FRACTIONS': True,
  'PROGRESS_BARS': True,
  'REDIS_CACHE': False,
  'REDIS_CONFIG': {'db': 0, 'host': 'localhost', 'port': 6379, 'test_db': 1},
  'REPR_VERBOSITY': 2,
  'SINGLE_MICRO_NODES_WITH_SELFLOOPS_HAVE_PHI': False,
  'SYSTEM_CUTS': '3.0_STYLE',
  'USE_SMALL_PHI_DIFFERENCE_FOR_CES_DISTANCE': False,
  'VALIDATE_CONDITIONAL_INDEPENDENCE': True,
  'VALIDATE_SUBSYSTEM_STATES': True,
  'WELCOME_OFF': True}
